,date,open,high,low,close,volume,10,60,250
0,2017-03-28,50.32,50.32,50.32,50.32,13633.0,,,
1,2017-03-29,55.35,55.35,55.35,55.35,6996.0,,,
2,2017-03-30,60.88,60.88,60.88,60.88,9696.0,,,
3,2017-03-31,66.97,66.97,66.97,66.97,60525.0,,,
4,2017-04-05,73.67,73.67,73.67,73.67,175453.0,,,
5,2017-04-06,76.75,81.04,73.68,81.04,13385729.0,,,
6,2017-04-07,83.45,87.34,78.44,79.53,14809769.0,,,
7,2017-04-10,76.05,81.65,75.36,80.23,9094744.0,,,
8,2017-04-11,77.59,79.68,73.96,75.88,7565538.0,,,
9,2017-04-12,76.83,77.44,70.73,71.31,6564538.0,69.518,,
10,2017-04-13,69.84,74.84,69.81,73.91,6081405.0,71.877,,
11,2017-04-14,72.84,73.47,71.45,71.82,2960211.0,73.52399999999999,,
12,2017-04-17,69.51,73.48,69.14,72.6,3959694.0,74.696,,
13,2017-04-18,72.81,76.68,72.62,74.1,3908021.0,75.40899999999999,,
14,2017-04-19,73.59,76.27,72.7,75.09,3153389.0,75.551,,
15,2017-04-20,75.13,77.24,73.41,74.35,3898162.0,74.882,,
16,2017-04-21,73.82,75.21,72.46,73.97,2580943.0,74.32600000000001,,
17,2017-04-24,73.24,75.21,71.24,74.37,2602540.0,73.74000000000001,,
18,2017-04-25,74.03,75.83,74.03,74.93,1681142.0,73.64500000000001,,
19,2017-04-26,74.66,77.1,74.24,76.34,2448988.0,74.14800000000002,,
20,2017-04-27,76.0,76.55,73.34,75.68,1995546.0,74.32500000000003,,
21,2017-04-28,75.43,76.61,73.18,73.66,2116302.0,74.50900000000004,,
22,2017-05-10,72.56,76.75,70.69,74.4,3756781.0,74.68900000000004,,
23,2017-05-11,73.26,74.4,72.56,73.36,1718809.0,74.61500000000004,,
24,2017-05-12,73.29,74.19,71.31,72.46,1594782.0,74.35200000000003,,
25,2017-05-15,72.28,74.09,72.28,73.39,1385008.0,74.25600000000003,,
26,2017-05-16,73.16,74.01,72.25,73.74,1666899.0,74.23300000000003,,
27,2017-05-17,73.04,76.74,73.04,76.0,2494435.0,74.39600000000003,,
28,2017-05-18,75.35,78.69,75.35,77.43,3040853.0,74.64600000000003,,
29,2017-05-19,77.45,78.84,76.41,77.56,1546919.0,74.76800000000001,,
30,2017-05-22,77.45,79.61,76.06,76.31,2291220.0,74.83100000000002,,
31,2017-05-23,75.89,77.79,73.96,74.39,1408630.0,74.90400000000002,,
32,2017-05-24,73.47,78.14,72.98,77.91,2096823.0,75.25500000000002,,
33,2017-05-25,77.86,77.93,74.78,75.99,1656007.0,75.51800000000001,,
34,2017-05-26,75.91,76.33,73.96,75.37,1085713.0,75.80900000000001,,
35,2017-05-31,76.75,77.45,75.0,75.38,1649104.0,76.00800000000001,,
36,2017-06-01,74.66,75.21,72.47,72.68,1245057.0,75.90200000000002,,
37,2017-06-02,72.53,73.9,72.23,73.32,820655.0,75.63400000000001,,
38,2017-06-05,73.68,74.79,72.56,73.43,1245494.0,75.23400000000001,,
39,2017-06-06,73.46,74.73,72.7,74.66,1098264.0,74.944,,
40,2017-06-07,74.66,78.32,74.06,77.23,2158985.0,75.03600000000002,,
41,2017-06-08,76.6,83.73,76.54,81.23,2753984.0,75.72000000000001,,
42,2017-06-09,80.34,82.02,79.55,81.7,1401443.0,76.09900000000002,,
43,2017-06-12,81.37,83.66,79.92,81.07,1764950.0,76.60700000000001,,
44,2017-06-13,80.04,81.09,78.78,79.94,1191955.0,77.06400000000002,,
45,2017-06-14,79.84,81.56,78.78,80.33,1033293.0,77.55900000000003,,
46,2017-06-15,80.37,83.38,78.88,79.81,1380890.0,78.27200000000002,,
47,2017-06-16,79.39,80.22,78.91,79.8,478782.0,78.92000000000003,,
48,2017-06-19,80.16,80.38,78.16,79.11,782536.0,79.48800000000003,,
49,2017-06-20,79.11,79.39,76.74,76.85,1430783.0,79.70700000000004,,
50,2017-06-21,76.96,77.73,74.79,77.5,721901.0,79.73400000000004,,
51,2017-06-22,77.1,77.65,75.2,75.26,1164126.0,79.13700000000003,,
52,2017-06-23,75.21,76.47,74.4,75.91,708004.0,78.55800000000002,,
53,2017-06-26,75.36,78.65,75.01,78.32,1102502.0,78.28300000000004,,
54,2017-06-27,78.14,78.75,76.9,77.32,647415.0,78.02100000000003,,
55,2017-06-28,77.8,77.8,75.5,75.76,621161.0,77.56400000000002,,
56,2017-06-29,75.43,76.29,75.43,75.65,331178.0,77.14800000000002,,
57,2017-06-30,75.83,77.15,75.37,76.65,736418.0,76.83300000000003,,
58,2017-07-03,76.73,77.69,76.41,77.36,526536.0,76.65800000000003,,
59,2017-07-04,77.52,77.66,76.57,76.76,456402.0,76.64900000000003,74.95566666666666,
60,2017-07-05,76.76,77.9,76.05,77.8,587309.0,76.67900000000002,75.41366666666666,
61,2017-07-06,77.54,79.15,77.54,78.11,909299.0,76.96400000000003,75.79299999999998,
62,2017-07-07,78.15,80.22,77.9,79.19,1066064.0,77.29200000000002,76.09816666666664,
63,2017-07-10,78.16,78.55,76.2,77.0,1008793.0,77.16000000000001,76.2653333333333,
64,2017-07-11,77.03,77.72,76.05,76.14,582748.0,77.042,76.30649999999997,
65,2017-07-12,76.39,76.39,74.31,75.39,709878.0,77.00500000000001,76.21233333333332,
66,2017-07-13,75.35,75.95,74.66,74.96,320336.0,76.936,76.13616666666665,
67,2017-07-14,74.57,75.24,74.42,74.84,312435.0,76.75500000000002,76.04633333333332,
68,2017-07-17,74.83,75.35,72.18,72.55,1260636.0,76.27400000000002,75.99083333333333,
69,2017-07-18,71.86,73.75,71.86,73.12,483368.0,75.91000000000001,76.02099999999999,
70,2017-07-19,72.9,74.66,72.42,74.18,521398.0,75.54800000000003,76.0255,
71,2017-07-20,73.61,75.21,73.61,75.15,529731.0,75.25200000000002,76.08099999999999,
72,2017-07-21,75.3,75.3,74.23,74.61,369821.0,74.79400000000003,76.11449999999998,
73,2017-07-24,74.62,74.81,73.3,73.51,889828.0,74.44500000000002,76.10466666666665,
74,2017-07-25,73.4,74.29,73.39,74.2,349961.0,74.25100000000003,76.0898333333333,
75,2017-07-26,73.7,74.49,72.77,73.06,521495.0,74.01800000000004,76.06833333333331,
76,2017-07-27,73.45,74.54,72.88,73.95,526461.0,73.91700000000004,76.06799999999997,
77,2017-07-28,73.64,74.44,73.62,73.88,289255.0,73.82100000000004,76.0598333333333,
78,2017-07-31,73.89,74.66,72.98,73.25,735429.0,73.89100000000005,76.0318333333333,
79,2017-08-01,72.77,73.94,72.13,72.53,530277.0,73.83200000000004,75.96833333333329,
80,2017-08-02,72.96,73.25,69.78,70.2,1824514.0,73.43400000000004,75.87699999999995,
81,2017-08-03,70.43,70.46,68.37,68.77,1714190.0,72.79600000000003,75.79549999999996,
82,2017-08-04,69.12,69.48,67.54,67.55,816496.0,72.09000000000003,75.6813333333333,
83,2017-08-07,67.55,70.04,67.55,69.49,713840.0,71.68800000000003,75.6168333333333,
84,2017-08-08,69.49,70.11,68.79,69.03,989222.0,71.17100000000002,75.55966666666663,
85,2017-08-09,69.04,69.62,68.99,69.19,384957.0,70.78400000000003,75.48966666666662,
86,2017-08-10,69.21,69.69,68.61,69.12,673810.0,70.30100000000003,75.41266666666662,
87,2017-08-11,68.45,69.42,68.17,68.63,308428.0,69.77600000000004,75.28983333333329,
88,2017-08-14,68.63,70.59,68.63,70.38,344505.0,69.48900000000003,75.17233333333328,
89,2017-08-15,70.82,71.08,68.92,69.74,614392.0,69.21000000000004,75.04199999999994,
90,2017-08-16,69.28,70.64,68.86,69.87,298300.0,69.17700000000004,74.9346666666666,
91,2017-08-17,69.69,69.78,69.08,69.37,178440.0,69.23700000000004,74.85099999999993,
92,2017-08-18,69.15,69.4,68.76,69.01,221650.0,69.38300000000004,74.7026666666666,
93,2017-08-21,69.19,70.46,69.08,70.36,601974.0,69.47000000000004,74.60883333333327,
94,2017-08-22,70.05,70.54,69.63,70.25,317658.0,69.59200000000004,74.52349999999994,
95,2017-08-23,70.22,70.93,69.79,70.4,404718.0,69.71300000000004,74.44049999999993,
96,2017-08-24,70.82,70.82,70.15,70.25,153678.0,69.82600000000004,74.39999999999992,
97,2017-08-25,69.63,70.54,69.63,70.47,139262.0,70.01000000000003,74.35249999999994,
98,2017-08-28,70.47,74.1,70.47,73.25,730335.0,70.29700000000004,74.34949999999994,
99,2017-08-29,73.26,73.26,72.22,72.43,321951.0,70.56600000000003,74.31233333333327,
100,2017-08-30,72.53,73.66,72.09,73.64,343813.0,70.94300000000003,74.25249999999996,
101,2017-08-31,73.6,73.82,72.93,73.19,374100.0,71.32500000000003,74.11849999999995,
102,2017-09-01,72.87,73.66,70.82,71.72,987451.0,71.59600000000003,73.95216666666663,
103,2017-09-04,71.69,72.35,71.08,71.46,721822.0,71.70600000000005,73.79199999999996,
104,2017-09-05,71.17,72.04,70.48,71.34,466362.0,71.81500000000004,73.64866666666664,
105,2017-09-06,71.34,71.62,71.03,71.47,446051.0,71.92200000000005,73.50099999999998,
106,2017-09-07,71.47,73.15,71.31,73.06,603682.0,72.20300000000005,73.38849999999998,
107,2017-09-08,72.84,73.18,71.47,71.86,557400.0,72.34200000000004,73.25616666666663,
108,2017-09-11,71.86,72.91,71.17,72.72,517253.0,72.28900000000004,73.14966666666665,
109,2017-09-12,72.49,73.6,72.46,73.22,528829.0,72.36800000000005,73.08916666666664,
110,2017-09-13,73.22,73.22,71.88,72.28,278504.0,72.23200000000006,73.00216666666664,
111,2017-09-14,72.28,72.55,70.82,71.26,447467.0,72.03900000000006,72.93549999999998,
112,2017-09-15,71.52,73.43,71.04,73.36,769060.0,72.20300000000006,72.89299999999997,
113,2017-09-18,72.29,74.05,72.27,73.72,477751.0,72.42900000000006,72.8163333333333,
114,2017-09-19,73.27,74.29,72.92,73.21,237515.0,72.61600000000006,72.74783333333332,
115,2017-09-20,73.82,73.82,72.77,72.86,242400.0,72.75500000000005,72.69949999999997,
116,2017-09-21,73.12,73.23,72.78,72.81,157229.0,72.73000000000006,72.65216666666666,
117,2017-09-22,72.64,73.17,71.18,71.88,380842.0,72.73200000000006,72.57266666666666,
118,2017-09-25,71.52,72.54,71.52,71.65,441868.0,72.62500000000006,72.47749999999999,
119,2017-09-26,71.86,72.21,71.19,71.3,243885.0,72.43300000000005,72.3865,
120,2017-09-27,71.7,71.7,71.14,71.32,167961.0,72.33700000000006,72.27849999999998,
121,2017-09-28,71.18,71.83,71.03,71.24,468300.0,72.33500000000006,72.16399999999999,
122,2017-09-29,71.29,71.81,71.1,71.24,298200.0,72.12300000000006,72.0315,
123,2017-10-09,71.86,72.91,71.74,72.24,767411.0,71.97500000000005,71.95216666666666,
124,2017-10-10,72.56,73.42,72.26,73.19,461258.0,71.97300000000004,71.90299999999998,
125,2017-10-11,73.18,80.51,72.65,78.12,2274982.0,72.49900000000005,71.94849999999997,
126,2017-10-12,78.37,80.93,76.76,78.37,823630.0,73.05500000000004,72.0053333333333,
127,2017-10-13,77.24,78.81,76.57,77.21,746163.0,73.58800000000005,72.0448333333333,
128,2017-10-16,77.21,80.43,77.2,77.64,1092887.0,74.18700000000004,72.12966666666664,
129,2017-10-17,78.14,80.1,78.14,80.08,1184927.0,75.06500000000005,72.24566666666664,
130,2017-10-18,80.83,80.83,78.86,80.07,499650.0,75.94000000000005,72.3438333333333,
131,2017-10-19,80.07,80.08,78.3,78.88,373700.0,76.70400000000005,72.40599999999996,
132,2017-10-20,78.22,78.61,77.22,78.43,314035.0,77.42300000000004,72.46966666666664,
133,2017-10-23,78.82,80.62,78.14,80.46,692836.0,78.24500000000005,72.58549999999997,
134,2017-10-24,80.66,80.66,79.27,79.93,393439.0,78.91900000000005,72.68099999999998,
135,2017-10-25,80.2,85.19,79.55,84.93,1682771.0,79.60000000000005,72.8788333333333,
136,2017-10-26,84.08,85.3,82.55,83.45,1247584.0,80.10800000000006,73.03716666666665,
137,2017-10-27,83.03,84.94,82.75,84.03,881636.0,80.79000000000005,73.2063333333333,
138,2017-10-30,84.14,85.0,81.65,83.17,1094675.0,81.34300000000005,73.37166666666664,
139,2017-10-31,83.57,84.89,81.87,82.21,701355.0,81.55600000000005,73.53299999999997,
140,2017-11-01,83.03,84.49,82.46,83.89,1124221.0,81.93800000000006,73.76116666666665,
141,2017-11-02,83.94,86.76,82.69,82.86,1438695.0,82.33600000000006,73.99599999999997,
142,2017-11-03,82.25,84.41,82.05,82.93,677876.0,82.78600000000006,74.25233333333331,
143,2017-11-06,83.73,86.36,83.31,86.13,890467.0,83.35300000000005,74.52966666666664,
144,2017-11-07,86.79,87.34,85.12,85.95,591174.0,83.95500000000007,74.81166666666665,
145,2017-11-08,86.45,86.45,84.35,84.98,1048682.0,83.96000000000006,75.07483333333332,
146,2017-11-09,85.12,88.65,84.16,88.25,1342228.0,84.44000000000005,75.39366666666665,
147,2017-11-10,88.58,91.3,87.56,89.1,1067475.0,84.94700000000006,75.73483333333333,
148,2017-11-13,89.39,91.24,88.97,89.32,792459.0,85.56200000000007,76.05049999999999,
149,2017-11-14,89.31,90.17,86.55,88.07,982281.0,86.14800000000007,76.35599999999998,
150,2017-11-15,86.94,88.75,86.03,87.81,812739.0,86.54000000000006,76.65499999999999,
151,2017-11-16,87.79,88.89,86.94,87.35,659837.0,86.98900000000006,76.95466666666667,
152,2017-11-17,87.78,87.78,81.93,82.37,1378676.0,86.93300000000006,77.17733333333332,
153,2017-11-20,80.93,83.57,80.32,83.23,752451.0,86.64300000000006,77.39183333333332,
154,2017-11-21,83.03,85.04,82.41,83.46,826957.0,86.39400000000006,77.612,
155,2017-11-22,83.38,83.46,80.28,80.85,1513986.0,85.98100000000007,77.78616666666667,
156,2017-11-23,80.8,82.03,78.76,78.81,714864.0,85.03700000000006,77.92883333333334,
157,2017-11-24,78.67,79.88,78.49,78.49,547187.0,83.97600000000006,78.0625,
158,2017-11-27,78.33,80.23,76.76,77.43,875415.0,82.78700000000006,78.13216666666668,
159,2017-11-28,77.6,79.33,77.59,79.08,642218.0,81.88800000000006,78.243,
160,2017-11-29,78.92,79.27,76.43,77.67,608117.0,80.87400000000005,78.31016666666666,
161,2017-11-30,77.67,78.49,76.75,77.4,415846.0,79.87900000000005,78.38033333333333,
162,2017-12-01,77.45,79.18,76.96,78.81,727007.0,79.52300000000004,78.49849999999999,
163,2017-12-04,78.81,79.11,76.02,77.31,914272.0,78.93100000000004,78.596,
164,2017-12-05,76.55,77.66,76.28,77.39,399394.0,78.32400000000004,78.69683333333334,
165,2017-12-06,77.39,78.55,76.41,77.64,461061.0,78.00300000000003,78.79966666666668,
166,2017-12-07,77.93,77.93,75.21,75.97,801013.0,77.71900000000002,78.84816666666667,
167,2017-12-08,75.97,78.53,75.35,78.47,539364.0,77.71700000000003,78.95833333333334,
168,2017-12-11,78.04,81.62,77.86,80.55,791500.0,78.02900000000002,79.08883333333334,
169,2017-12-12,80.89,81.63,80.24,81.25,884575.0,78.24600000000001,79.22266666666668,
170,2017-12-13,81.28,81.77,80.43,81.58,554837.0,78.63700000000003,79.37766666666668,
171,2017-12-14,81.63,84.26,81.07,83.42,781473.0,79.23900000000002,79.58033333333334,
172,2017-12-15,83.59,83.99,82.68,83.1,417057.0,79.66800000000003,79.7426666666667,
173,2017-12-18,84.28,85.68,81.98,82.73,446085.0,80.21000000000004,79.89283333333334,
174,2017-12-19,83.2,85.42,82.75,85.05,695908.0,80.97600000000003,80.09016666666668,
175,2017-12-20,85.34,85.5,84.43,84.83,341229.0,81.69500000000004,80.28966666666669,
176,2017-12-21,84.96,85.94,84.22,85.08,269976.0,82.60600000000004,80.49416666666667,
177,2017-12-22,85.19,85.46,84.25,84.42,223908.0,83.20100000000004,80.70316666666668,
178,2017-12-25,84.42,85.45,83.79,85.09,888647.0,83.65500000000004,80.92716666666668,
179,2017-12-26,85.25,86.01,82.57,83.38,1035835.0,83.86800000000004,81.12850000000002,
180,2017-12-27,83.15,83.45,81.53,82.78,614665.0,83.98800000000003,81.31950000000002,
181,2017-12-28,82.78,83.72,81.17,81.68,699517.0,83.81400000000005,81.49350000000003,
182,2017-12-29,81.97,83.64,81.81,82.37,346043.0,83.74100000000004,81.67900000000003,
183,2018-01-02,83.38,85.14,82.33,84.77,625362.0,83.94500000000004,81.88783333333338,
184,2018-01-03,84.69,85.54,84.12,84.79,523384.0,83.91900000000004,82.0811666666667,
185,2018-01-04,84.25,87.56,84.25,86.8,754476.0,84.11600000000003,82.22583333333338,
186,2018-01-05,86.79,87.42,85.85,86.87,379229.0,84.29500000000003,82.36750000000005,
187,2018-01-08,87.17,89.31,86.87,88.63,523182.0,84.71600000000004,82.55783333333338,
188,2018-01-09,88.53,89.77,87.44,89.35,550680.0,85.14200000000002,82.75300000000006,
189,2018-01-10,89.73,90.67,88.61,89.43,529233.0,85.74700000000004,82.90883333333339,
190,2018-01-11,89.21,89.79,87.13,87.21,703916.0,86.19000000000004,83.02783333333339,
191,2018-01-12,87.36,90.7,87.13,90.19,830873.0,87.04100000000003,83.21633333333338,
192,2018-01-15,90.04,94.19,89.52,93.97,1052010.0,88.20100000000004,83.47533333333338,
193,2018-01-16,93.56,97.82,93.56,97.32,1252828.0,89.45600000000005,83.75633333333339,
194,2018-01-17,97.54,98.52,94.76,97.0,628226.0,90.67700000000005,84.04083333333338,
195,2018-01-18,97.99,102.27,96.32,98.78,817970.0,91.87500000000004,84.2716666666667,
196,2018-01-19,97.33,99.42,95.45,95.57,848118.0,92.74500000000003,84.4736666666667,
197,2018-01-22,95.24,98.15,94.19,96.54,692597.0,93.53600000000003,84.6821666666667,
198,2018-01-23,97.02,101.17,96.63,99.56,593295.0,94.55700000000003,84.95533333333337,
199,2018-01-24,99.77,100.08,95.69,97.0,800488.0,95.31400000000001,85.20183333333337,
200,2018-01-25,97.68,97.68,96.32,96.72,603929.0,96.26500000000001,85.41566666666671,
201,2018-01-26,96.42,99.42,95.31,98.73,439811.0,97.119,85.68016666666671,
202,2018-01-29,98.87,99.7,93.56,94.48,766356.0,97.17,85.87266666666669,
203,2018-01-30,94.48,95.92,92.8,92.8,703659.0,96.718,85.98383333333337,
204,2018-01-31,93.63,102.08,93.04,99.73,1596260.0,96.99100000000001,86.21350000000002,
205,2018-02-01,100.18,105.25,95.24,96.12,897772.0,96.72500000000002,86.39916666666669,
206,2018-02-02,96.78,101.08,95.31,97.6,677951.0,96.92800000000003,86.55500000000004,
207,2018-02-05,97.68,99.08,94.55,97.14,643027.0,96.98800000000003,86.68900000000004,
208,2018-02-06,95.24,95.87,90.7,91.49,964016.0,96.18100000000004,86.7251666666667,
209,2018-02-07,93.45,94.24,91.4,92.78,706533.0,95.75900000000004,86.8036666666667,
210,2018-02-08,92.8,98.02,92.57,93.68,807740.0,95.45500000000004,86.90150000000003,
211,2018-02-09,92.1,92.6,86.87,88.63,520795.0,94.44500000000002,86.92283333333336,
212,2018-02-12,89.04,96.1,88.76,95.61,951888.0,94.55800000000002,87.14350000000003,
213,2018-02-13,96.21,100.88,96.2,98.31,837084.0,95.10900000000001,87.39483333333337,
214,2018-02-14,98.14,102.22,98.14,102.07,732265.0,95.343,87.70500000000003,
215,2018-02-22,103.88,106.89,103.02,105.38,707410.0,96.26899999999999,88.11383333333336,
216,2018-02-23,105.38,107.67,103.48,104.59,714616.0,96.96799999999999,88.54350000000002,
217,2018-02-26,106.4,106.4,100.55,102.2,1002704.0,97.47399999999999,88.93866666666669,
218,2018-02-27,103.21,103.25,93.97,99.07,1529184.0,98.232,89.29933333333335,
219,2018-02-28,96.98,98.73,94.9,96.31,863802.0,98.585,89.58650000000003,
220,2018-03-01,96.21,98.34,94.89,96.65,572926.0,98.88199999999999,89.90283333333335,
221,2018-03-02,97.04,98.03,95.53,97.49,408105.0,99.768,90.23766666666668,
222,2018-03-05,97.44,99.44,95.94,98.36,443499.0,100.04299999999999,90.5635,
223,2018-03-06,98.36,99.42,97.68,98.11,424081.0,100.023,90.91016666666665,
224,2018-03-07,98.37,99.63,96.28,96.75,495554.0,99.49100000000001,91.23283333333332,
225,2018-03-08,97.68,101.07,94.89,100.68,536444.0,99.02100000000002,91.61683333333332,
226,2018-03-09,100.74,100.76,99.15,99.58,374171.0,98.52000000000001,92.01033333333332,
227,2018-03-12,99.58,100.68,96.98,99.56,529811.0,98.25600000000001,92.36183333333332,
228,2018-03-13,99.77,100.96,98.13,98.56,404676.0,98.20500000000001,92.66199999999999,
229,2018-03-14,98.24,98.38,96.34,97.71,314390.0,98.34500000000003,92.93633333333332,
230,2018-03-15,97.71,99.76,97.02,98.27,471025.0,98.50700000000003,93.2145,
231,2018-03-16,97.54,103.1,97.54,101.67,838830.0,98.92500000000003,93.51866666666666,
232,2018-03-19,101.73,102.91,99.84,101.08,562499.0,99.19700000000002,93.81833333333333,
233,2018-03-20,100.51,101.07,96.88,98.9,545946.0,99.27600000000001,94.08783333333332,
234,2018-03-21,99.33,100.12,98.08,99.43,437055.0,99.54400000000001,94.3275,
235,2018-03-22,98.82,99.77,96.91,96.98,305017.0,99.174,94.52999999999999,
236,2018-03-23,94.89,96.18,92.01,93.1,671295.0,98.52599999999998,94.66366666666666,
237,2018-03-26,91.4,93.23,89.31,92.27,631500.0,97.797,94.7945,
238,2018-03-27,93.49,96.63,92.66,96.29,438095.0,97.57000000000001,94.98116666666667,
239,2018-03-28,95.59,96.28,90.01,91.76,517076.0,96.975,95.12083333333334,
240,2018-03-29,92.31,98.73,90.72,98.16,650143.0,96.96400000000001,95.37716666666667,
241,2018-03-30,98.0,99.1,97.32,98.14,464435.0,96.61100000000002,95.6515,
242,2018-04-02,97.54,98.37,95.48,96.15,320452.0,96.11800000000002,95.88116666666666,
243,2018-04-03,96.28,96.28,94.67,95.82,274043.0,95.81000000000003,96.06533333333331,
244,2018-04-04,96.24,96.35,94.58,94.97,376522.0,95.364,96.23499999999999,
245,2018-04-09,95.19,95.19,93.14,93.88,347881.0,95.054,96.353,
246,2018-04-10,94.9,96.51,93.62,96.39,350163.0,95.38300000000001,96.51166666666667,
247,2018-04-11,96.63,98.03,95.84,97.74,485061.0,95.92999999999999,96.66349999999998,
248,2018-04-12,97.68,97.81,95.59,95.63,277162.0,95.86399999999999,96.76816666666666,
249,2018-04-13,95.94,96.69,94.21,95.16,181653.0,96.204,96.86366666666665,81.51012000000003
250,2018-04-16,95.46,95.46,92.8,94.24,359830.0,95.812,96.98083333333331,81.68580000000003
251,2018-04-17,93.63,95.52,92.38,92.48,334753.0,95.246,97.01899999999998,81.83432000000003
252,2018-04-18,92.66,93.33,90.69,91.6,361057.0,94.791,96.97949999999997,81.95720000000003
253,2018-04-19,91.05,94.18,91.05,93.42,290037.0,94.551,96.91449999999999,82.06300000000002
254,2018-04-20,93.84,95.13,92.56,94.55,571310.0,94.50899999999999,96.87366666666665,82.14652000000002
255,2018-04-23,95.23,95.23,93.01,94.27,606015.0,94.54799999999999,96.7985,82.19944000000001
256,2018-04-24,94.3,97.12,94.3,96.97,615105.0,94.60599999999998,96.82183333333334,82.26920000000003
257,2018-04-25,96.55,97.4,96.55,97.35,548847.0,94.56699999999998,96.83533333333335,82.33768000000002
258,2018-04-26,96.7,97.53,94.61,95.03,635492.0,94.50699999999998,96.75983333333333,82.41428000000002
259,2018-04-27,95.29,96.63,93.65,95.3,458389.0,94.52099999999999,96.73150000000001,82.51024000000001
260,2018-05-02,96.15,96.28,93.91,94.82,472408.0,94.579,96.69983333333333,82.59388
261,2018-05-03,94.19,96.23,94.19,95.81,395809.0,94.91199999999999,96.65116666666668,82.68984000000002
262,2018-05-04,95.82,97.01,94.9,95.22,415658.0,95.27399999999999,96.66350000000003,82.78032000000002
263,2018-05-07,94.89,101.29,94.89,98.71,1404238.0,95.80299999999998,96.76200000000001,82.87876000000003
264,2018-05-08,98.71,100.08,98.03,98.53,572231.0,96.201,96.74200000000002,82.97252000000002
265,2018-05-09,97.99,99.11,97.99,98.11,375804.0,96.585,96.77516666666669,83.06756000000003
266,2018-05-10,98.91,98.91,97.7,98.48,523347.0,96.73599999999999,96.78983333333333,83.16560000000003
267,2018-05-11,98.83,101.37,98.48,99.01,889228.0,96.90199999999999,96.821,83.26416000000002
268,2018-05-14,98.38,102.77,98.29,102.52,763794.0,97.651,97.00483333333335,83.37452000000002
269,2018-05-15,101.62,103.61,100.6,102.86,570594.0,98.407,97.17283333333334,83.48060000000002
270,2018-05-16,103.18,104.57,102.01,102.97,418845.0,99.22200000000001,97.32766666666667,83.58976000000003
271,2018-05-17,103.47,103.47,99.84,102.77,404158.0,99.918,97.56333333333335,83.70620000000002
272,2018-05-18,102.28,103.96,101.25,103.15,403433.0,100.71100000000001,97.68900000000002,83.82120000000003
273,2018-05-21,101.87,103.67,101.17,102.55,391384.0,101.095,97.75966666666667,83.93796000000002
274,2018-05-22,102.58,104.58,101.94,104.34,579625.0,101.676,97.79750000000003,84.06548000000002
275,2018-05-23,103.97,104.85,103.26,104.67,668233.0,102.33200000000001,97.78566666666669,84.19060000000002
276,2018-05-24,104.66,104.66,101.33,101.71,546833.0,102.655,97.73766666666668,84.30248000000002
277,2018-05-25,101.73,103.0,100.13,101.69,293904.0,102.923,97.72916666666669,84.40524
278,2018-05-28,101.17,102.42,100.41,101.48,484634.0,102.819,97.76933333333335,84.50144
279,2018-05-29,100.69,101.66,98.43,99.05,895407.0,102.43800000000002,97.81500000000001,84.58739999999999
280,2018-05-30,97.68,100.46,96.91,99.97,580395.0,102.138,97.87033333333335,84.68204
281,2018-05-31,100.1,100.51,97.68,100.03,945771.0,101.864,97.91266666666668,84.7846
282,2018-06-01,100.03,100.05,96.06,96.56,927325.0,101.20500000000001,97.8826666666667,84.8592
283,2018-06-04,96.64,99.42,96.64,99.01,637728.0,100.85100000000003,97.89766666666671,84.95127999999998
284,2018-06-05,99.72,100.37,98.45,100.3,484156.0,100.44700000000002,97.95683333333338,85.05099999999999
285,2018-06-06,99.77,101.08,98.18,99.24,498602.0,99.90400000000001,97.93283333333336,85.14643999999998
286,2018-06-07,100.09,100.95,99.08,100.7,520557.0,99.803,97.95150000000004,85.25851999999999
287,2018-06-08,100.72,101.15,99.08,99.95,866785.0,99.62899999999999,97.95800000000003,85.36504
288,2018-06-11,100.08,100.08,97.96,99.34,556724.0,99.41499999999999,97.97100000000002,85.46867999999999
289,2018-06-12,99.08,100.28,98.55,100.05,578629.0,99.51499999999999,98.01000000000002,85.57023999999998
290,2018-06-13,100.23,101.15,98.77,99.05,459630.0,99.42299999999997,98.02300000000001,85.65751999999999
291,2018-06-14,99.05,101.87,98.48,100.05,938479.0,99.42499999999998,97.99600000000002,85.73279999999998
292,2018-06-15,100.54,100.6,97.68,99.08,333080.0,99.67699999999998,97.96266666666669,85.80232
293,2018-06-19,98.64,99.06,94.2,96.38,497922.0,99.41399999999996,97.92066666666669,85.86355999999999
294,2018-06-20,95.35,100.12,93.51,99.21,769227.0,99.30499999999998,97.91700000000002,85.94064
295,2018-06-21,98.57,100.12,95.68,95.91,426311.0,98.97199999999998,97.89916666666669,86.00295999999999
296,2018-06-22,96.28,97.59,94.85,96.97,342589.0,98.59899999999998,97.9636666666667,86.07159999999999
297,2018-06-25,97.68,98.03,94.89,95.61,472816.0,98.16499999999996,98.01933333333335,86.13484
298,2018-06-26,93.56,94.88,91.26,92.09,753511.0,97.43999999999996,97.94933333333334,86.18675999999999
299,2018-06-27,92.09,93.49,87.55,88.57,604949.0,96.29199999999996,97.89616666666667,86.23364
300,2018-06-28,87.56,88.95,86.49,87.78,593245.0,95.16499999999996,97.72316666666667,86.27476
301,2018-06-29,87.91,90.0,86.52,88.98,693543.0,94.05799999999996,97.5705,86.32964
302,2018-07-02,87.21,88.6,83.73,84.97,598188.0,92.64699999999996,97.38416666666667,86.36588
303,2018-07-03,84.07,86.51,81.7,83.41,565904.0,91.34999999999997,97.17733333333334,86.38624
304,2018-07-04,83.03,84.28,82.89,83.41,425411.0,89.76999999999995,96.98466666666667,86.4106
305,2018-07-05,81.65,84.51,81.65,82.68,296566.0,88.44699999999997,96.798,86.43828000000002
306,2018-07-06,83.64,83.96,82.3,82.75,451610.0,87.02499999999996,96.57066666666667,86.46668000000001
307,2018-07-09,83.37,86.59,82.36,85.0,653016.0,85.96399999999997,96.35833333333333,86.50008
308,2018-07-10,84.61,85.1,82.94,83.98,383622.0,85.15299999999996,96.16416666666666,86.52656
309,2018-07-11,82.8,83.03,79.09,82.29,669414.0,84.52499999999995,95.94966666666666,86.54868
310,2018-07-12,80.76,85.22,80.76,84.81,834304.0,84.22799999999995,95.7925,86.57672000000001
311,2018-07-13,84.81,85.79,83.74,85.27,446417.0,83.85699999999994,95.67233333333336,86.60536000000002
312,2018-07-16,76.74,85.27,76.74,83.06,589862.0,83.66599999999994,95.53000000000002,86.62084000000003
313,2018-07-17,83.05,84.27,80.33,80.87,716052.0,83.41199999999995,95.32083333333335,86.63632000000003
314,2018-07-18,80.57,82.23,80.36,80.89,544401.0,83.15999999999994,95.09316666666669,86.65532000000002
315,2018-07-19,80.92,83.65,80.85,81.56,751090.0,83.04799999999993,94.88133333333334,86.68000000000004
316,2018-07-20,80.99,82.75,80.68,81.01,483434.0,82.87399999999994,94.61533333333335,86.70420000000003
317,2018-07-23,81.01,81.6,78.14,79.59,631302.0,82.33299999999994,94.31933333333335,86.72320000000002
318,2018-07-24,78.85,85.29,78.25,83.3,1083446.0,82.26499999999993,94.12383333333335,86.76620000000003
319,2018-07-25,83.3,85.85,83.03,83.65,553686.0,82.40099999999993,93.92966666666668,86.80832000000004
320,2018-07-26,82.56,84.45,80.12,82.58,580227.0,82.17799999999993,93.72566666666668,86.84192000000004
321,2018-07-27,82.71,83.63,81.35,81.66,505033.0,81.81699999999992,93.48983333333334,86.86796000000004
322,2018-07-30,82.68,82.68,79.7,80.33,627974.0,81.54399999999994,93.24166666666666,86.89084000000004
323,2018-07-31,79.94,81.0,77.83,78.61,669787.0,81.31799999999994,92.90666666666667,86.91124000000005
324,2018-08-01,79.16,80.9,79.16,79.45,786424.0,81.17399999999995,92.58866666666667,86.93224000000005
325,2018-08-02,78.11,78.81,74.6,75.98,1014709.0,80.61599999999994,92.21983333333333,86.94392000000005
326,2018-08-03,74.94,76.74,73.58,73.89,701267.0,79.90399999999994,91.81,86.94368000000004
327,2018-08-06,73.63,74.24,70.51,70.97,568401.0,79.04199999999994,91.34266666666667,86.93204000000004
328,2018-08-07,71.78,72.96,70.59,72.56,998531.0,77.96799999999993,90.84333333333333,86.92928000000005
329,2018-08-08,72.48,72.48,67.55,69.07,936839.0,76.50999999999993,90.28016666666667,86.91544000000005
330,2018-08-09,68.55,72.47,67.63,71.33,1337179.0,75.38499999999993,89.75283333333333,86.91996000000005
331,2018-08-10,71.0,73.89,71.0,72.61,1374305.0,74.47999999999993,89.25016666666666,86.93532000000005
332,2018-08-13,72.32,73.73,70.36,72.35,730719.0,73.68199999999993,88.73683333333334,86.95452000000004
333,2018-08-14,72.88,73.01,70.24,70.4,585096.0,72.86099999999993,88.201,86.95816000000005
334,2018-08-15,70.72,71.37,68.59,68.85,950946.0,71.80099999999993,87.6095,86.95744000000005
335,2018-08-16,67.21,69.65,67.21,68.59,855032.0,71.06199999999993,87.00816666666667,86.95504000000005
336,2018-08-17,69.66,69.85,63.29,65.36,1190421.0,70.20899999999993,86.40233333333332,86.94000000000005
337,2018-08-20,65.36,66.49,64.46,66.42,642856.0,69.75399999999993,85.8145,86.93116000000005
338,2018-08-21,66.42,70.7,66.42,69.88,689926.0,69.48599999999992,85.28783333333334,86.92916000000005
339,2018-08-22,69.66,69.66,68.33,68.89,616053.0,69.46799999999992,84.78516666666668,86.92576000000004
340,2018-08-23,68.81,69.57,65.84,67.34,435388.0,69.06899999999992,84.24133333333334,86.91564000000004
341,2018-08-24,67.45,71.0,67.19,70.26,1194859.0,68.83399999999992,83.74516666666668,86.91920000000005
342,2018-08-27,70.79,73.15,68.96,73.15,949046.0,68.9139999999999,83.355,86.93576000000006
343,2018-08-28,72.48,72.48,68.67,69.32,776954.0,68.80599999999991,82.86016666666666,86.93160000000005
344,2018-08-29,68.96,69.35,67.53,68.8,384765.0,68.8009999999999,82.33516666666667,86.92580000000005
345,2018-08-30,68.96,70.93,68.26,70.4,542725.0,68.9819999999999,81.85449999999999,86.92580000000005
346,2018-08-31,68.96,68.96,64.39,67.39,997969.0,69.1849999999999,81.29933333333334,86.91436000000004
347,2018-09-03,67.12,67.91,65.82,67.21,612483.0,69.26399999999991,80.75366666666667,86.90132000000004
348,2018-09-04,66.5,68.59,66.5,67.54,360116.0,69.0299999999999,80.22366666666667,86.87848000000004
349,2018-09-05,67.6,67.66,66.67,66.74,285911.0,68.81499999999991,79.6685,86.85572000000005
350,2018-09-06,66.5,66.5,63.54,63.58,813284.0,68.43899999999991,79.07733333333333,86.81548000000005
351,2018-09-07,63.68,66.08,63.68,64.62,684184.0,67.87499999999991,78.48683333333332,86.78120000000006
352,2018-09-10,64.8,66.01,59.32,59.52,1367854.0,66.51199999999992,77.8275,86.73240000000006
353,2018-09-11,59.25,60.81,58.6,59.31,789711.0,65.51099999999992,77.20966666666666,86.68380000000006
354,2018-09-12,59.11,59.95,58.07,59.69,652098.0,64.59999999999994,76.55099999999999,86.63720000000005
355,2018-09-13,60.36,61.2,59.46,60.85,657367.0,63.64499999999994,75.96666666666667,86.59472000000004
356,2018-09-14,61.35,62.27,60.07,62.19,546851.0,63.12499999999994,75.38699999999999,86.55124000000004
357,2018-09-17,61.92,61.92,57.36,58.15,767135.0,62.21899999999994,74.76266666666666,86.49640000000004
358,2018-09-18,57.72,61.92,57.72,61.64,766056.0,61.62899999999994,74.25516666666665,86.45208000000004
359,2018-09-19,61.72,66.0,59.95,65.25,1342501.0,61.47999999999994,73.8665,86.42020000000002
360,2018-09-20,64.9,65.86,63.74,64.67,995652.0,61.58899999999993,73.48133333333334,86.38976000000002
361,2018-09-21,64.58,67.98,64.22,67.98,885839.0,61.92499999999993,73.13133333333333,86.37664000000002
362,2018-09-25,66.48,66.77,64.65,66.08,554205.0,62.58099999999994,72.81649999999999,86.34752000000003
363,2018-09-26,65.45,66.84,64.74,65.79,490516.0,63.22899999999993,72.52283333333334,86.31580000000004
364,2018-09-27,65.41,66.42,64.77,65.8,338368.0,63.83999999999992,72.22933333333334,86.28616000000004
365,2018-09-28,65.86,66.87,65.86,66.67,427793.0,64.42199999999991,71.9625,86.26140000000002
366,2018-10-08,65.44,65.44,61.27,61.94,688654.0,64.3969999999999,71.61566666666666,86.21792
367,2018-10-09,62.92,64.74,62.92,63.86,820039.0,64.96799999999992,71.26333333333332,86.18584000000001
368,2018-10-10,65.72,67.19,63.56,63.72,472930.0,65.17599999999992,70.92566666666667,86.15412
369,2018-10-11,62.21,63.08,61.22,61.47,453179.0,64.79799999999992,70.57866666666668,86.11480000000002
370,2018-10-12,59.53,61.92,57.12,58.76,1409834.0,64.20699999999992,70.14450000000001,86.06456000000001
371,2018-10-15,59.01,59.01,53.02,53.34,1502454.0,62.742999999999924,69.61233333333332,85.99296000000001
372,2018-10-16,53.4,55.07,52.87,53.83,783192.0,61.51799999999993,69.12516666666666,85.92332
373,2018-10-17,54.31,55.06,52.61,54.16,737770.0,60.354999999999926,68.67999999999999,85.851
374,2018-10-18,54.16,54.16,51.72,52.42,590012.0,59.016999999999925,68.20549999999999,85.76792
375,2018-10-19,50.88,53.87,50.77,53.8,604597.0,57.729999999999926,67.74283333333332,85.67064
376,2018-10-22,53.93,57.0,53.83,56.01,1000654.0,57.13699999999992,67.32616666666665,85.5812
377,2018-10-23,55.56,55.56,52.47,53.18,773687.0,56.06899999999992,66.88599999999998,85.48508
378,2018-10-24,52.78,54.15,52.14,52.68,528792.0,54.964999999999904,66.37566666666663,85.38524000000001
379,2018-10-25,51.36,51.36,48.41,49.4,1485714.0,53.7579999999999,65.8048333333333,85.26252000000001
380,2018-10-26,49.95,52.35,49.43,50.9,1369225.0,52.9719999999999,65.2768333333333,85.14584
381,2018-10-29,51.11,52.03,47.85,48.61,1121797.0,52.498999999999896,64.72599999999997,85.02476000000001
382,2018-10-30,48.41,50.59,48.2,50.48,1021311.0,52.163999999999895,64.22849999999998,84.91296000000001
383,2018-10-31,50.54,52.4,50.54,51.81,1177752.0,51.928999999999895,63.78183333333331,84.79836000000002
384,2018-11-01,53.09,55.04,53.06,54.18,1453277.0,52.10499999999989,63.36066666666664,84.69536000000002
385,2018-11-02,55.03,56.93,54.04,56.29,1133348.0,52.35399999999989,63.03249999999998,84.58080000000001
386,2018-11-05,54.89,57.69,54.89,57.6,1177168.0,52.5129999999999,62.760999999999974,84.4774
387,2018-11-06,56.46,57.6,55.24,56.75,647600.0,52.869999999999905,62.52399999999998,84.36828000000001
388,2018-11-07,56.01,57.35,55.27,56.01,618470.0,53.2029999999999,62.24816666666665,84.25964000000002
389,2018-11-08,56.71,57.34,55.73,55.84,439258.0,53.84699999999991,62.02766666666665,84.15416000000002
390,2018-11-09,56.22,56.51,54.18,55.84,489700.0,54.340999999999916,61.76949999999999,84.04196000000002
391,2018-11-12,56.29,57.35,55.63,56.87,580347.0,55.166999999999916,61.50716666666665,83.93800000000002
392,2018-11-13,55.59,57.7,55.59,57.53,435112.0,55.871999999999915,61.260166666666656,83.83640000000001
393,2018-11-14,57.14,59.46,56.35,56.75,939801.0,56.365999999999914,61.03266666666665,83.71888
394,2018-11-15,56.98,60.41,56.86,60.09,1005893.0,56.95699999999992,60.886666666666656,83.61544
395,2018-11-16,60.02,62.97,59.82,61.92,1082939.0,57.519999999999925,60.77549999999999,83.5232
396,2018-11-19,60.67,62.9,60.67,61.35,637321.0,57.894999999999925,60.70866666666665,83.4156
397,2018-11-20,62.28,62.28,59.52,59.81,564337.0,58.20099999999993,60.59849999999998,83.29844
398,2018-11-21,59.74,60.04,57.7,59.51,469417.0,58.55099999999993,60.42566666666665,83.1792
399,2018-11-22,59.25,60.34,57.42,57.72,783270.0,58.73899999999993,60.239499999999985,83.0578
400,2018-11-23,58.86,59.53,57.0,58.0,763519.0,58.95499999999993,60.08383333333332,82.93856
401,2018-11-26,57.01,57.5,56.01,56.36,687924.0,58.903999999999925,59.85216666666665,82.81460000000001
402,2018-11-27,57.33,58.0,55.73,56.35,373857.0,58.78599999999993,59.57216666666664,82.71052
403,2018-11-28,57.67,57.67,53.7,56.65,484702.0,58.77599999999993,59.360999999999976,82.6042
404,2018-11-29,57.65,57.7,55.27,55.6,412797.0,58.32699999999993,59.14099999999997,82.49276
405,2018-11-30,54.92,56.89,54.92,56.29,676588.0,57.76399999999993,58.9058333333333,82.39452000000001
406,2018-12-03,57.36,60.15,57.08,59.04,770718.0,57.53299999999992,58.76666666666664,82.31544000000002
407,2018-12-04,59.02,60.38,58.26,59.86,400026.0,57.53799999999992,58.644166666666635,82.24092000000002
408,2018-12-05,57.29,59.67,57.0,59.11,323264.0,57.49799999999992,58.50366666666664,82.16764000000002
409,2018-12-06,58.93,59.85,57.7,58.33,418674.0,57.558999999999926,58.36349999999997,82.08464000000001
410,2018-12-07,59.23,59.74,58.05,59.12,393257.0,57.67099999999992,58.289166666666645,82.01044000000002
411,2018-12-10,58.56,59.07,55.45,56.17,770626.0,57.651999999999916,58.14833333333331,81.92552
412,2018-12-11,56.7,57.62,56.33,57.56,460239.0,57.772999999999925,58.11566666666665,81.84052
413,2018-12-12,58.46,60.38,58.26,59.48,543849.0,58.055999999999926,58.118499999999976,81.7692
414,2018-12-13,60.51,63.75,58.55,62.73,1621491.0,58.76899999999993,58.16916666666665,81.71056
415,2018-12-14,62.7,63.96,60.99,60.99,803089.0,59.23899999999993,58.17149999999997,81.64396
416,2018-12-17,61.86,62.61,60.59,60.69,869981.0,59.403999999999925,58.146499999999975,81.58283999999999
417,2018-12-18,60.38,61.84,58.76,61.69,748353.0,59.58699999999993,58.20549999999998,81.51571999999999
418,2018-12-19,60.65,61.01,58.25,58.63,697817.0,59.53899999999993,58.15533333333331,81.42804
419,2018-12-20,58.72,59.53,57.55,58.34,348021.0,59.53999999999993,58.04016666666665,81.3364
420,2018-12-21,58.24,58.34,57.0,57.77,380539.0,59.40499999999993,57.92516666666665,81.24116
421,2018-12-24,57.43,59.45,57.36,59.11,535968.0,59.698999999999934,57.77733333333332,81.14392
422,2018-12-25,57.7,59.07,57.7,58.25,459974.0,59.76799999999994,57.64683333333332,81.04452
423,2018-12-26,58.43,58.9,57.27,57.36,357089.0,59.55599999999994,57.50633333333332,80.94304000000001
424,2018-12-27,57.91,58.32,56.35,56.86,622824.0,58.96899999999994,57.35733333333332,80.83028000000002
425,2018-12-28,56.63,57.31,55.94,56.1,398106.0,58.47999999999994,57.18116666666665,80.71536
426,2019-01-02,56.12,56.86,53.98,54.4,287100.0,57.85099999999993,57.05549999999998,80.59264
427,2019-01-03,54.58,55.22,53.31,53.4,281328.0,57.021999999999935,56.88116666666665,80.46856000000001
428,2019-01-04,52.43,55.76,52.35,54.65,474530.0,56.62399999999993,56.72999999999999,80.34680000000002
429,2019-01-07,54.66,57.7,54.66,56.91,810361.0,56.48099999999992,56.65399999999999,80.24092000000002
430,2019-01-08,56.65,56.96,56.1,56.32,255336.0,56.335999999999935,56.61333333333332,80.13508000000002
431,2019-01-09,57.41,59.08,56.65,58.03,605998.0,56.22799999999993,56.69149999999999,80.04048000000002
432,2019-01-10,58.41,60.08,56.72,59.29,579344.0,56.33199999999992,56.78249999999999,79.94816000000002
433,2019-01-11,59.67,59.76,57.82,58.69,367399.0,56.46499999999993,56.85799999999999,79.84384000000001
434,2019-01-14,59.15,60.9,56.93,57.7,446815.0,56.548999999999936,56.94599999999999,79.73548000000001
435,2019-01-15,58.26,59.78,56.45,59.27,658957.0,56.86599999999993,57.03716666666665,79.62536000000001
436,2019-01-16,59.27,61.78,58.67,61.16,555996.0,57.54199999999993,57.122999999999976,79.52252000000001
437,2019-01-17,61.01,63.33,59.88,62.17,580004.0,58.418999999999926,57.27283333333332,79.41668000000001
438,2019-01-18,62.78,63.6,62.0,63.39,842538.0,59.29299999999993,57.45133333333332,79.31284000000001
439,2019-01-21,62.87,63.39,61.85,62.28,878686.0,59.82999999999993,57.66599999999998,79.20424
440,2019-01-22,62.77,62.77,60.37,61.2,665841.0,60.31799999999993,57.83766666666665,79.10020000000002
441,2019-01-23,61.76,63.26,61.34,62.54,620920.0,60.76899999999993,58.069833333333314,78.98960000000002
442,2019-01-24,62.61,62.89,60.61,61.05,756037.0,60.94499999999992,58.24599999999998,78.85792000000001
443,2019-01-25,62.42,64.96,60.87,64.0,1079358.0,61.47599999999993,58.44916666666665,78.72464000000001
444,2019-01-28,64.18,69.66,63.5,65.11,1381099.0,62.21699999999993,58.63133333333332,78.59708000000002
445,2019-01-29,65.36,65.76,63.34,65.08,549643.0,62.79799999999993,58.77783333333332,78.46228000000002
446,2019-01-30,62.98,64.34,61.82,61.92,1170148.0,62.87399999999993,58.84983333333332,78.32768000000002
447,2019-01-31,61.99,64.72,61.99,63.27,920353.0,62.98399999999994,58.95849999999999,78.19460000000002
448,2019-02-01,64.13,64.13,61.23,62.72,488007.0,62.91699999999994,59.070333333333316,78.04724000000002
449,2019-02-11,62.72,66.15,62.28,65.83,968015.0,63.27199999999995,59.23683333333331,77.92256000000003
450,2019-02-12,65.79,65.79,64.18,65.33,687092.0,63.684999999999945,59.394999999999975,77.79700000000003
451,2019-02-13,65.25,65.86,64.07,65.53,479493.0,63.983999999999945,59.53933333333331,77.66420000000002
452,2019-02-14,65.43,67.45,64.75,66.43,564079.0,64.52199999999996,59.68766666666664,77.55200000000004
453,2019-02-15,66.29,66.29,63.81,64.01,625638.0,64.52299999999995,59.808666666666646,77.43684000000003
454,2019-02-18,63.33,65.9,63.33,65.51,900234.0,64.56299999999996,59.89899999999998,77.29996000000003
455,2019-02-19,66.15,66.84,65.07,65.87,1046755.0,64.64199999999995,59.96483333333331,77.17896000000002
456,2019-02-20,66.33,66.48,64.03,64.61,866303.0,64.91099999999996,60.01916666666664,77.04700000000003
457,2019-02-21,64.53,65.47,62.56,63.79,991517.0,64.96299999999995,60.08549999999998,76.91360000000003
458,2019-02-22,63.58,64.91,62.71,64.29,585490.0,65.11999999999995,60.16516666666664,76.80480000000003
459,2019-02-25,64.25,70.43,64.16,69.45,1530857.0,65.48199999999994,60.36066666666664,76.71148000000004
460,2019-02-26,68.96,70.07,68.19,68.25,1111168.0,65.77399999999994,60.53149999999997,76.60976000000004
461,2019-02-27,68.25,69.66,67.55,68.89,1004171.0,66.10999999999994,60.740333333333304,76.53080000000003
462,2019-02-28,68.71,68.82,66.15,66.15,781593.0,66.08199999999995,60.90366666666664,76.41296000000004
463,2019-03-01,67.22,67.76,65.44,66.9,816144.0,66.37099999999995,61.07449999999997,76.28732000000004
464,2019-03-04,67.21,73.59,67.21,71.71,2010288.0,66.99099999999996,61.342999999999975,76.16588000000003
465,2019-03-05,73.18,78.29,71.08,76.34,1352171.0,68.03799999999995,61.67716666666664,76.04972000000004
466,2019-03-06,78.25,78.25,74.6,76.0,1260098.0,69.17699999999995,61.959833333333314,75.93536000000003
467,2019-03-07,75.97,75.97,71.07,73.4,1402817.0,70.13799999999995,62.185499999999976,75.82016000000003
468,2019-03-08,71.11,72.51,69.67,70.77,934832.0,70.78599999999996,62.37983333333331,75.70696000000004
469,2019-03-11,70.77,72.48,69.0,71.78,876266.0,71.01899999999995,62.60399999999998,75.60884000000003
470,2019-03-12,71.78,72.13,69.66,70.61,1307432.0,71.25499999999995,62.79549999999998,75.50468000000002
471,2019-03-13,70.61,72.13,69.7,71.71,1126460.0,71.53699999999995,63.05449999999998,75.40156000000002
472,2019-03-14,71.78,71.78,69.66,70.02,419880.0,71.92399999999995,63.26216666666665,75.28820000000002
473,2019-03-15,70.3,72.13,70.02,71.56,900345.0,72.38999999999996,63.46349999999998,75.18200000000002
474,2019-03-18,72.13,75.29,71.78,74.94,1811324.0,72.71299999999994,63.66699999999999,75.09476000000001
475,2019-03-19,75.01,78.46,75.01,76.49,2360062.0,72.72799999999994,63.92533333333332,74.99800000000002
476,2019-03-20,76.41,77.19,73.89,75.23,529912.0,72.65099999999994,64.16766666666665,74.90060000000001
477,2019-03-21,76.0,76.9,74.81,75.98,1457261.0,72.90899999999995,64.40583333333332,74.80628
478,2019-03-22,76.0,76.7,74.73,75.93,1086963.0,73.42499999999995,64.69416666666665,74.71575999999999
479,2019-03-25,75.15,83.03,74.87,80.57,3505665.0,74.30399999999995,65.06466666666664,74.6472
480,2019-03-26,81.17,85.71,81.17,83.69,2150119.0,75.61199999999995,65.49666666666664,74.58887999999999
481,2019-03-27,85.14,86.55,80.23,83.44,1023926.0,76.78499999999994,65.90216666666664,74.51595999999999
482,2019-03-28,82.53,83.39,80.47,81.2,1053678.0,77.90299999999995,66.28466666666664,74.43643999999999
483,2019-03-29,82.8,85.49,82.79,85.43,1520836.0,79.28999999999996,66.75249999999997,74.38255999999998
484,2019-04-01,87.98,92.6,87.04,88.8,2274642.0,80.67599999999996,67.28483333333331,74.34003999999997
485,2019-04-02,88.79,90.68,85.05,87.59,1801840.0,81.78599999999996,67.80966666666664,74.30247999999997
486,2019-04-03,86.55,87.26,83.82,87.26,1401701.0,82.98899999999995,68.35733333333332,74.27911999999998
487,2019-04-04,87.96,88.31,84.44,87.81,1234240.0,84.17199999999995,68.93083333333333,74.26127999999999
488,2019-04-08,87.81,89.26,80.36,85.17,1798960.0,85.09599999999996,69.4395,74.21679999999998
489,2019-04-09,82.34,86.36,82.34,84.46,984199.0,85.48499999999997,69.89866666666667,74.18759999999997
490,2019-04-10,84.36,90.48,83.65,87.55,1912716.0,85.87099999999995,70.41916666666667,74.14515999999998
491,2019-04-11,88.59,90.2,83.58,85.97,1982331.0,86.12399999999995,70.88483333333335,74.09647999999999
492,2019-04-12,85.83,86.1,82.33,83.25,901221.0,86.32899999999995,71.28416666666668,74.04487999999998
493,2019-04-15,85.15,87.95,84.45,85.56,1154978.0,86.34199999999994,71.73200000000003,74.00383999999998
494,2019-04-16,85.13,85.13,81.98,84.77,706639.0,85.93899999999994,72.18316666666671,73.96303999999998
495,2019-04-17,84.79,86.06,83.23,85.36,850128.0,85.71599999999994,72.61800000000002,73.92895999999998
496,2019-04-18,86.02,89.37,84.44,87.09,947240.0,85.69899999999994,73.0501666666667,73.89175999999998
497,2019-04-19,87.22,88.1,84.44,85.15,742450.0,85.43299999999995,73.4331666666667,73.84139999999998
498,2019-04-22,85.11,85.48,79.52,82.02,1641385.0,85.11799999999995,73.7436666666667,73.78695999999998
499,2019-04-23,82.17,84.27,81.91,83.2,1052415.0,84.99199999999995,74.09233333333336,73.73911999999999
500,2019-04-24,84.24,85.85,82.33,83.11,570605.0,84.54799999999996,74.45750000000002,73.69459999999998
501,2019-04-25,83.34,84.29,80.92,81.94,504326.0,84.14499999999995,74.78083333333335,73.65243999999997
502,2019-04-26,80.71,82.7,80.22,81.36,727530.0,83.95599999999996,75.11933333333334,73.61147999999999
503,2019-04-29,81.33,82.68,80.92,81.87,466190.0,83.58699999999996,75.41716666666667,73.56527999999999
504,2019-04-30,82.39,86.11,81.35,84.47,1054343.0,83.55699999999997,75.73983333333335,73.52496
505,2019-05-06,83.03,83.03,78.83,81.23,870217.0,83.14399999999998,76.00900000000001,73.47279999999999
506,2019-05-07,81.23,82.56,78.81,80.22,832204.0,82.45699999999997,76.31400000000002,73.40579999999999
507,2019-05-08,79.51,79.51,76.42,76.83,953060.0,81.62499999999997,76.54,73.32372
508,2019-05-09,75.93,75.93,71.42,73.82,1242224.0,80.80499999999998,76.725,73.23888000000001
509,2019-05-10,74.72,78.09,74.72,77.37,1096744.0,80.22199999999997,76.91733333333333,73.16716000000001
510,2019-05-13,78.81,78.81,75.86,77.05,732749.0,79.61599999999996,77.11266666666667,73.09608
511,2019-05-14,74.67,77.97,74.67,76.62,773380.0,79.08399999999997,77.2975,73.01932
512,2019-05-15,76.62,78.07,75.5,77.23,605017.0,78.67099999999996,77.47749999999999,72.94735999999999
513,2019-05-16,77.41,79.87,76.33,79.09,779465.0,78.39299999999997,77.72883333333333,72.86887999999999
514,2019-05-17,79.33,79.33,74.59,77.02,843736.0,77.64799999999997,77.92066666666666,72.78284
515,2019-05-20,76.0,77.13,72.39,76.84,1110545.0,77.20899999999997,78.1035,72.69775999999999
516,2019-05-21,75.86,79.42,74.63,78.41,649596.0,77.02799999999996,78.3335,72.61748
517,2019-05-22,78.89,80.92,76.95,78.1,679092.0,77.15499999999996,78.57200000000002,72.53384
518,2019-05-23,77.95,79.45,74.87,75.56,742861.0,77.32899999999998,78.75983333333335,72.426
519,2019-05-24,75.36,80.14,75.3,78.24,980233.0,77.41599999999997,78.90633333333335,72.32752
520,2019-05-27,80.8,80.8,75.38,78.16,829460.0,77.52699999999997,79.07150000000001,72.22828
521,2019-05-28,76.75,78.93,76.49,78.9,611138.0,77.75499999999997,79.23833333333333,72.1328
522,2019-05-29,76.71,79.01,76.56,78.39,402183.0,77.87099999999997,79.44233333333335,72.03376
523,2019-05-30,78.81,79.14,76.35,79.07,591958.0,77.86899999999997,79.64516666666668,71.93983999999999
524,2019-05-31,79.07,81.7,77.63,80.29,751778.0,78.19599999999997,79.78816666666668,71.84364
525,2019-06-03,81.63,84.43,80.23,82.8,1062754.0,78.79199999999996,79.89583333333334,71.75616000000001
526,2019-06-04,82.25,83.85,81.49,83.18,436831.0,79.26899999999998,80.01550000000002,71.68204000000001
527,2019-06-05,82.47,84.24,81.98,81.98,490227.0,79.65699999999997,80.15850000000002,71.60320000000002
528,2019-06-06,81.98,83.0,78.89,80.87,511790.0,80.18799999999996,80.32683333333334,71.52076000000001
529,2019-06-10,81.98,81.98,78.27,79.32,565838.0,80.29599999999996,80.45250000000001,71.44184000000001
530,2019-06-11,79.52,81.2,79.36,80.71,479061.0,80.55099999999996,80.62083333333335,71.3648
531,2019-06-12,81.09,81.47,78.52,79.16,557978.0,80.57699999999997,80.74500000000002,71.28132000000001
532,2019-06-13,78.47,79.9,77.56,78.83,351453.0,80.62099999999997,80.89183333333334,71.2104
533,2019-06-14,79.58,79.58,77.64,77.93,409230.0,80.50699999999998,80.998,71.12608000000002
534,2019-06-17,77.32,78.26,73.44,74.31,1252109.0,79.90899999999996,80.98750000000001,71.02212000000003
535,2019-06-18,74.67,74.95,72.67,73.1,888247.0,78.93899999999998,80.93100000000003,70.91756000000001
536,2019-06-19,74.67,77.45,74.39,76.01,944078.0,78.22199999999998,80.94400000000003,70.8188
537,2019-06-20,76.72,77.78,75.31,76.74,656677.0,77.69799999999998,80.9566666666667,70.72596
538,2019-06-21,77.01,78.2,74.96,75.6,919035.0,77.17099999999998,80.95116666666671,70.631
539,2019-06-24,73.83,75.37,73.83,75.06,864114.0,76.74499999999998,80.85933333333338,70.53104
540,2019-06-25,74.98,75.08,73.53,74.46,825211.0,76.11999999999998,80.70550000000006,70.43268
541,2019-06-26,74.38,74.88,72.89,73.66,1079918.0,75.56999999999998,80.54250000000006,70.32712000000001
542,2019-06-27,73.68,75.91,73.32,75.03,1437832.0,75.18999999999997,80.43966666666672,70.23092
543,2019-06-28,74.85,76.51,73.23,76.24,940573.0,75.02099999999999,80.28650000000006,70.15036
544,2019-07-01,76.5,78.63,76.5,77.87,918592.0,75.37699999999998,80.10433333333339,70.065
545,2019-07-02,77.91,80.14,77.91,79.9,922004.0,76.05699999999997,79.97616666666671,70.00096
546,2019-07-03,79.19,80.45,77.08,77.57,886285.0,76.21299999999997,79.8146666666667,69.92336
547,2019-07-04,76.67,80.34,76.67,79.35,903211.0,76.47399999999996,79.6736666666667,69.85831999999999
548,2019-07-05,78.09,79.83,76.52,79.02,790579.0,76.81599999999996,79.5711666666667,69.80604
549,2019-07-08,78.44,79.7,76.66,77.88,499608.0,77.09799999999996,79.46150000000004,69.76328
550,2019-07-09,77.13,79.7,77.13,78.66,556015.0,77.51799999999994,79.31333333333336,69.7268
551,2019-07-10,78.19,79.06,76.79,77.27,497148.0,77.87899999999995,79.16833333333336,69.67996000000001
552,2019-07-11,77.15,78.98,77.15,78.44,405828.0,78.21999999999996,79.0881666666667,69.65384
553,2019-07-12,79.05,79.05,76.0,76.72,927442.0,78.26799999999996,78.94083333333336,69.62708
554,2019-07-15,77.05,79.49,75.45,79.34,845834.0,78.41499999999996,78.85033333333335,69.6108
555,2019-07-16,79.06,79.27,76.08,76.55,941401.0,78.07999999999996,78.70350000000003,69.58628
556,2019-07-17,76.55,76.55,74.87,75.23,751170.0,77.84599999999996,78.50583333333336,69.5562
557,2019-07-18,74.61,75.94,73.71,75.31,518896.0,77.44199999999995,78.34183333333337,69.51744000000001
558,2019-07-19,75.45,76.3,74.12,74.81,568232.0,77.02099999999996,78.2216666666667,69.48076
559,2019-07-22,75.44,75.44,73.07,74.19,504719.0,76.65199999999996,78.07150000000003,69.44836
560,2019-07-23,74.52,75.18,73.41,74.73,391122.0,76.25899999999997,77.93183333333336,69.40804
561,2019-07-24,74.74,76.01,74.11,75.62,531598.0,76.09399999999997,77.82650000000004,69.36943999999998
562,2019-07-25,75.8,76.13,74.51,74.74,582774.0,75.72399999999998,77.7161666666667,69.33615999999999
563,2019-07-26,74.38,74.87,73.58,73.62,733284.0,75.41399999999997,77.5786666666667,69.30715999999998
564,2019-07-29,71.55,74.03,70.54,73.94,1356557.0,74.87399999999997,77.40316666666669,69.27935999999998
565,2019-07-30,73.58,75.45,73.08,75.14,882687.0,74.73299999999998,77.3016666666667,69.25367999999997
566,2019-07-31,75.03,76.01,73.2,73.66,928870.0,74.57599999999996,77.19233333333337,69.22427999999998
567,2019-08-01,73.52,73.52,67.66,69.7,2596267.0,74.01499999999996,77.07350000000002,69.18471999999998
568,2019-08-02,68.72,70.7,67.69,70.33,1298367.0,73.56699999999996,77.01533333333336,69.13284
569,2019-08-05,70.12,71.27,68.38,69.32,715303.0,73.07999999999996,76.8811666666667,69.07551999999998
570,2019-08-06,68.35,70.12,67.64,69.46,574927.0,72.55299999999995,76.7546666666667,69.02303999999998
571,2019-08-07,69.43,70.08,68.05,68.75,538438.0,71.86599999999996,76.62350000000002,68.97139999999997
572,2019-08-08,68.86,69.46,68.19,68.72,464113.0,71.26399999999995,76.48166666666671,68.92495999999997
573,2019-08-09,69.01,69.79,68.56,69.35,463889.0,70.83699999999996,76.31933333333338,68.88791999999997
574,2019-08-12,69.07,69.74,68.22,69.16,732417.0,70.35899999999995,76.18833333333336,68.84675999999996
575,2019-08-13,69.16,70.1,68.71,69.46,384266.0,69.79099999999995,76.06533333333337,68.82067999999997
576,2019-08-14,70.05,73.31,70.05,73.25,1166599.0,69.74999999999996,75.97933333333337,68.81811999999996
577,2019-08-15,71.56,73.99,71.32,73.18,1150113.0,70.09799999999996,75.89733333333336,68.82695999999996
578,2019-08-16,74.03,75.45,72.73,74.88,1117359.0,70.55299999999995,75.88600000000002,68.83623999999996
579,2019-08-19,74.92,79.34,74.53,79.19,1469852.0,71.53999999999996,75.90183333333336,68.87671999999996
580,2019-08-20,79.9,79.9,77.97,78.83,724181.0,72.47699999999996,75.91300000000003,68.90671999999996
581,2019-08-21,79.22,79.75,77.25,78.35,1447323.0,73.43699999999997,75.90383333333337,68.92967999999995
582,2019-08-22,78.88,80.68,77.48,79.39,878274.0,74.50399999999996,75.92050000000003,68.95783999999995
583,2019-08-23,80.41,80.41,77.93,79.19,895053.0,75.48799999999996,75.92250000000004,68.99299999999994
584,2019-08-26,78.63,79.27,77.18,78.47,870116.0,76.41899999999995,75.89216666666671,69.03147999999996
585,2019-08-27,78.65,80.05,78.19,79.91,1306465.0,77.46399999999996,75.84400000000004,69.07675999999995
586,2019-08-28,79.91,82.53,79.51,81.47,1114110.0,78.28599999999996,75.81550000000003,69.14119999999996
587,2019-08-29,82.16,83.79,81.02,83.31,974311.0,79.29899999999995,75.83766666666672,69.20875999999997
588,2019-08-30,85.01,86.02,82.9,85.2,1063932.0,80.33099999999996,75.90983333333338,69.27003999999997
589,2019-09-02,85.17,85.61,83.59,84.65,1594135.0,80.87699999999995,75.99866666666671,69.33307999999997
590,2019-09-03,84.3,85.72,83.66,84.59,649673.0,81.45299999999995,76.06333333333338,69.40207999999997
591,2019-09-04,85.37,87.21,83.84,85.0,805933.0,82.11799999999995,76.16066666666671,69.46103999999998
592,2019-09-05,84.51,88.2,84.51,86.77,1304923.0,82.85599999999995,76.29300000000006,69.51551999999998
593,2019-09-06,85.09,86.53,81.68,84.16,1480121.0,83.35299999999995,76.39683333333339,69.57487999999998
594,2019-09-09,85.95,86.14,82.6,84.61,1627347.0,83.96699999999996,76.56850000000004,69.63811999999999
595,2019-09-10,84.02,86.18,82.89,85.72,1164702.0,84.54799999999996,76.77883333333337,69.69939999999998
596,2019-09-11,85.72,85.93,82.61,85.81,1081725.0,84.98199999999994,76.94216666666671,69.77308
597,2019-09-12,85.69,85.92,82.99,85.65,1053649.0,85.21599999999994,77.0906666666667,69.84684
598,2019-09-16,82.89,85.28,82.89,84.2,593911.0,85.11599999999994,77.23400000000002,69.91347999999999
599,2019-09-17,84.07,85.46,83.03,83.96,762271.0,85.04699999999994,77.38233333333336,69.98235999999999
600,2019-09-18,84.52,84.52,82.53,83.59,566762.0,84.94699999999995,77.53450000000002,70.06239999999998
601,2019-09-19,84.22,85.49,83.4,84.68,861034.0,84.91499999999994,77.7181666666667,70.14263999999999
602,2019-09-20,85.28,85.37,83.1,84.15,830752.0,84.65299999999993,77.87016666666669,70.24116
603,2019-09-23,84.16,84.16,82.18,82.78,540805.0,84.51499999999994,77.9791666666667,70.33503999999998
604,2019-09-24,82.52,83.94,82.18,83.02,623332.0,84.35599999999994,78.06500000000004,70.42835999999998
605,2019-09-25,82.47,82.96,80.48,81.07,1003208.0,83.89099999999993,78.08450000000003,70.50923999999999
606,2019-09-26,81.47,82.72,79.58,80.19,1044026.0,83.32899999999995,78.1281666666667,70.58124
607,2019-09-27,80.19,80.68,78.63,79.08,938480.0,82.67199999999995,78.1236666666667,70.66496
608,2019-09-30,80.12,80.29,77.53,78.96,1409004.0,82.14799999999995,78.12266666666669,70.73423999999999
609,2019-10-08,78.04,79.18,77.18,77.35,1050752.0,81.48699999999995,78.11383333333336,70.78263999999999
610,2019-10-09,77.33,78.89,76.16,78.03,696071.0,80.93099999999995,78.10333333333337,70.83607999999998
611,2019-10-10,78.03,79.24,77.3,78.26,589376.0,80.28899999999994,78.11983333333336,70.87719999999999
612,2019-10-11,78.72,79.63,77.42,78.86,932473.0,79.75999999999995,78.12683333333335,70.92831999999997
613,2019-10-14,79.63,82.51,78.72,81.97,1084014.0,79.67899999999995,78.21433333333336,70.99303999999998
614,2019-10-15,80.9,82.17,79.69,79.96,529176.0,79.37299999999996,78.22466666666669,71.04967999999998
615,2019-10-16,79.85,84.49,79.81,83.68,1046488.0,79.63399999999997,78.34350000000002,71.11771999999999
616,2019-10-17,83.35,84.05,81.53,82.43,915784.0,79.85799999999998,78.46350000000004,71.19967999999999
617,2019-10-18,82.16,82.88,80.99,82.6,703530.0,80.20999999999997,78.58500000000004,71.27463999999999
618,2019-10-21,82.14,83.74,80.29,81.7,717233.0,80.48399999999997,78.69983333333336,71.34655999999998
619,2019-10-22,82.32,84.3,81.47,84.03,623993.0,81.15199999999996,78.86383333333336,71.43679999999998
620,2019-10-23,83.57,86.41,83.24,84.3,613774.0,81.77899999999997,79.02333333333337,71.53895999999997
621,2019-10-24,84.06,84.87,82.18,82.77,573845.0,82.22999999999996,79.14250000000006,71.65667999999998
622,2019-10-25,83.0,84.28,82.09,82.73,693056.0,82.61699999999996,79.27566666666671,71.77227999999997
623,2019-10-28,82.6,84.88,82.53,83.3,603129.0,82.74999999999996,79.43700000000005,71.88883999999997
624,2019-10-29,84.66,84.66,81.29,82.06,1642645.0,82.95999999999995,79.57233333333339,72.00739999999998
625,2019-10-30,81.4,81.47,77.57,78.64,2696964.0,82.45599999999995,79.63066666666673,72.10675999999998
626,2019-10-31,79.27,79.27,77.57,78.21,1114204.0,82.03399999999995,79.70650000000006,72.19555999999999
627,2019-11-01,77.69,78.45,75.48,76.3,1840443.0,81.40399999999994,79.81650000000008,72.28803999999998
628,2019-11-04,76.64,79.7,76.62,79.21,2275371.0,81.15499999999994,79.96450000000007,72.39415999999997
629,2019-11-05,79.34,82.04,76.74,80.68,1578115.0,80.81999999999994,80.15383333333342,72.51927999999997
630,2019-11-06,81.68,81.68,79.7,80.72,1193340.0,80.46199999999995,80.34150000000008,72.63855999999997
631,2019-11-07,79.34,81.28,79.34,79.73,715714.0,80.15799999999994,80.52450000000007,72.76303999999996
632,2019-11-08,80.18,81.94,79.35,79.7,1052621.0,79.85499999999995,80.70750000000007,72.87991999999997
633,2019-11-11,79.33,79.96,76.93,77.44,837156.0,79.26899999999996,80.8423333333334,72.98243999999995
634,2019-11-12,78.42,78.42,76.09,77.06,665345.0,78.76899999999996,80.97400000000007,73.07395999999996
635,2019-11-13,76.42,77.77,75.87,77.1,773771.0,78.61499999999997,81.10133333333341,73.15719999999996
636,2019-11-14,76.82,76.82,74.82,74.88,1163127.0,78.28199999999995,81.12850000000007,73.22631999999996
637,2019-11-15,75.09,76.28,73.59,73.68,1291129.0,78.01999999999995,81.13683333333341,73.29403999999997
638,2019-11-18,73.68,74.33,70.83,73.06,2182532.0,77.40499999999994,81.10650000000008,73.36223999999997
639,2019-11-19,73.32,74.91,72.9,73.95,1395791.0,76.73199999999994,81.01916666666675,73.43467999999997
640,2019-11-20,74.1,75.28,72.03,72.4,1365569.0,75.89999999999995,80.91200000000008,73.50091999999998
641,2019-11-21,72.0,72.61,70.93,71.41,1140291.0,75.06799999999994,80.79633333333341,73.55907999999998
642,2019-11-22,71.19,72.12,70.71,70.76,871793.0,74.17399999999994,80.65250000000007,73.61199999999998
643,2019-11-25,70.82,71.34,68.86,70.71,1118628.0,73.50099999999993,80.51116666666674,73.66783999999998
644,2019-11-26,70.98,72.61,69.85,72.05,1374494.0,72.99999999999993,80.40416666666674,73.71567999999998
645,2019-11-27,71.88,72.73,71.38,72.23,770900.0,72.51299999999993,80.27616666666674,73.75691999999998
646,2019-11-28,72.07,72.32,70.76,71.13,863726.0,72.13799999999993,80.1038333333334,73.79603999999999
647,2019-11-29,71.43,71.55,69.92,70.13,839766.0,71.78299999999993,79.88416666666673,73.83731999999999
648,2019-12-02,69.43,73.14,69.43,72.51,1428910.0,71.72799999999992,79.67266666666674,73.88932
649,2019-12-03,72.15,73.46,71.56,72.48,858182.0,71.58099999999993,79.4698333333334,73.94835999999998
650,2019-12-04,72.07,72.74,70.76,72.39,732061.0,71.57999999999993,79.26650000000008,74.00591999999999
651,2019-12-05,72.34,72.9,71.42,71.48,974856.0,71.58699999999993,79.04116666666673,74.06639999999997
652,2019-12-06,71.98,71.98,70.94,71.52,574111.0,71.66299999999993,78.78700000000006,74.12707999999999
653,2019-12-09,71.55,71.55,70.29,70.98,1018754.0,71.68999999999993,78.5673333333334,74.18439999999998
654,2019-12-10,70.84,71.06,69.59,70.13,1034844.0,71.49799999999993,78.32600000000006,74.24251999999998
655,2019-12-11,69.99,70.13,68.93,69.78,1164058.0,71.25299999999993,78.06033333333339,74.29647999999999
656,2019-12-12,69.64,70.84,68.86,70.6,880735.0,71.19999999999993,77.80683333333339,74.34271999999997
657,2019-12-13,70.84,72.49,70.42,71.76,1475866.0,71.36299999999993,77.5753333333334,74.39031999999996
658,2019-12-16,72.25,72.26,69.69,70.04,2344844.0,71.11599999999993,77.3393333333334,74.43403999999997
659,2019-12-17,70.13,74.38,69.79,74.38,2854726.0,71.30599999999993,77.17966666666673,74.49823999999997
660,2019-12-18,74.51,78.94,73.68,78.71,3251140.0,71.93799999999993,77.0983333333334,74.57659999999996
661,2019-12-19,79.34,79.34,74.74,75.04,2283520.0,72.29399999999993,76.93766666666673,74.65207999999997
662,2019-12-20,75.57,76.05,74.04,75.6,1226863.0,72.70199999999993,76.79516666666674,74.72423999999997
663,2019-12-23,74.51,80.75,74.39,78.64,2844662.0,73.46799999999993,76.72616666666676,74.80087999999996
664,2019-12-24,78.63,80.48,77.93,78.28,1082003.0,74.28299999999993,76.64716666666673,74.86307999999995
665,2019-12-25,78.5,79.87,77.23,78.68,686391.0,75.17299999999993,76.60733333333341,74.93383999999995
666,2019-12-26,78.61,81.74,77.95,81.21,1270702.0,76.23399999999994,76.62433333333342,75.01591999999995
667,2019-12-27,81.22,83.08,80.14,81.2,1076866.0,77.17799999999994,76.65966666666675,75.09395999999997
668,2019-12-30,81.2,82.8,80.44,82.11,1259772.0,78.38499999999995,76.71216666666675,75.18787999999996
669,2019-12-31,82.81,83.51,81.61,82.89,796969.0,79.23599999999995,76.80450000000009,75.28607999999996
670,2020-01-02,82.89,84.86,82.28,82.66,916046.0,79.63099999999994,76.88166666666675,75.38563999999995
671,2020-01-03,82.89,84.23,81.61,82.56,1209831.0,80.38299999999995,76.95333333333342,75.47943999999995
672,2020-01-06,80.76,82.89,80.51,80.76,1647765.0,80.89899999999994,76.9850000000001,75.56947999999996
673,2020-01-07,81.82,83.3,80.07,82.6,1041406.0,81.29499999999994,76.99550000000009,75.67043999999994
674,2020-01-08,81.65,83.24,80.76,82.46,882521.0,81.71299999999995,77.03716666666676,75.77283999999995
675,2020-01-09,82.53,84.5,82.46,84.3,1078744.0,82.27499999999995,77.0475000000001,75.88563999999994
676,2020-01-10,84.3,84.64,83.36,84.48,567836.0,82.60199999999995,77.08166666666675,76.00595999999993
677,2020-01-13,82.53,83.76,80.68,82.73,1308129.0,82.75499999999995,77.0838333333334,76.12327999999992
678,2020-01-14,82.89,82.89,80.05,80.55,1468689.0,82.59899999999995,77.06466666666674,76.22687999999992
679,2020-01-15,80.55,81.31,78.78,80.49,1051176.0,82.35899999999995,77.00566666666674,76.32119999999992
680,2020-01-16,81.47,85.37,81.21,83.28,2181776.0,82.42099999999995,76.98866666666673,76.42903999999992
681,2020-01-17,83.66,86.08,83.28,85.72,1973684.0,82.73699999999994,77.0378333333334,76.53979999999993
682,2020-01-20,85.92,88.66,83.93,88.1,1909649.0,83.47099999999995,77.12733333333341,76.65503999999991
683,2020-01-21,88.01,88.55,85.72,86.5,997259.0,83.86099999999995,77.18066666666674,76.76627999999992
684,2020-01-22,83.64,85.8,81.65,84.84,1874009.0,84.09899999999995,77.22700000000007,76.87483999999992
685,2020-01-23,83.41,83.86,78.03,80.05,2187461.0,83.67399999999995,77.25050000000007,76.95795999999991
686,2020-02-03,72.05,73.97,72.05,73.25,2689261.0,82.55099999999995,77.1678333333334,77.00631999999992
687,2020-02-04,74.38,77.13,74.38,75.97,1948981.0,81.87499999999994,77.16233333333341,77.06151999999993
688,2020-02-05,75.96,79.06,74.11,76.51,2815595.0,81.47099999999995,77.1173333333334,77.11399999999993
689,2020-02-06,77.2,78.63,74.39,78.22,2283435.0,81.24399999999994,77.07633333333341,77.17775999999994
690,2020-02-07,76.99,78.2,74.89,77.22,1937024.0,80.63799999999995,77.01800000000007,77.24183999999994
691,2020-02-10,76.42,76.42,74.53,75.8,2292899.0,79.64599999999994,76.95250000000009,77.29487999999994
692,2020-02-11,75.8,79.06,75.09,77.22,2306625.0,78.55799999999995,76.91116666666676,77.35955999999995
693,2020-02-12,77.22,81.04,76.16,80.65,1805645.0,77.97299999999994,76.96466666666676,77.42615999999994
694,2020-02-13,80.21,82.62,78.63,79.2,1477093.0,77.40899999999995,77.00033333333342,77.48251999999995
695,2020-02-14,80.52,81.82,79.28,81.44,1195746.0,77.54799999999996,77.07266666666673,77.54795999999993
696,2020-02-17,80.05,82.31,79.81,81.29,1589105.0,78.35199999999995,77.17950000000006,77.62543999999994
697,2020-02-18,81.47,83.74,81.37,82.54,1755424.0,79.00899999999994,77.32716666666673,77.70251999999995
698,2020-02-19,84.16,87.36,82.18,86.06,1750878.0,79.96399999999994,77.5438333333334,77.79587999999994
699,2020-02-20,85.72,86.96,84.49,85.15,1123107.0,80.65699999999994,77.73050000000006,77.87315999999994
700,2020-02-21,85.02,85.63,82.21,83.59,1809296.0,81.29399999999994,77.91700000000007,77.94619999999993
701,2020-02-24,82.65,83.45,80.04,80.93,2466936.0,81.80699999999995,78.07566666666675,78.00779999999995
702,2020-02-25,79.35,81.96,79.35,80.34,1965001.0,82.11899999999994,78.2353333333334,78.06343999999994
703,2020-02-26,78.63,83.15,78.63,79.1,1967438.0,81.96399999999996,78.37516666666674,78.12379999999995
704,2020-02-27,79.9,81.7,78.49,80.75,1683643.0,82.11899999999994,78.52016666666674,78.18475999999995
705,2020-02-28,79.04,80.71,74.38,78.04,2189396.0,81.77899999999995,78.61700000000009,78.23343999999996
706,2020-03-02,77.97,82.09,77.97,81.49,1810083.0,81.79899999999995,78.78966666666675,78.30095999999996
707,2020-03-03,82.8,83.55,81.38,82.89,1651785.0,81.83399999999996,79.00233333333341,78.37735999999995
708,2020-03-04,83.42,85.34,82.35,85.15,1895138.0,81.74299999999997,79.21300000000006,78.46079999999996
709,2020-03-05,85.29,85.72,83.52,85.59,1727504.0,81.78699999999996,79.43150000000009,78.52535999999996
710,2020-03-06,84.3,85.47,83.58,83.91,1017905.0,81.81899999999996,79.62350000000008,78.58799999999995
711,2020-03-09,83.59,83.59,80.41,80.41,1477829.0,81.76699999999997,79.7723333333334,78.63407999999995
712,2020-03-10,80.64,82.98,79.78,81.95,1605591.0,81.92799999999997,79.94616666666674,78.69727999999995
713,2020-03-11,82.09,83.24,80.26,81.08,1331057.0,82.12599999999996,80.11450000000008,78.75399999999996
714,2020-03-12,80.26,81.07,77.25,77.44,1762806.0,81.79499999999996,80.2363333333334,78.77691999999996
715,2020-03-13,74.46,76.86,73.36,75.41,1819725.0,81.53199999999995,80.33016666666673,78.77319999999996
716,2020-03-16,75.09,76.15,71.73,72.12,1894608.0,80.59499999999996,80.35550000000006,78.75767999999995
717,2020-03-17,71.59,73.32,68.87,70.34,3100553.0,79.33999999999996,80.33183333333339,78.74543999999995
718,2020-03-18,70.32,71.54,67.32,67.52,3012232.0,77.57699999999997,80.2898333333334,78.73243999999994
719,2020-03-19,67.19,67.43,63.47,64.92,3905812.0,75.50999999999996,80.13216666666673,78.70499999999994
720,2020-03-20,65.83,66.19,63.81,65.37,2726598.0,73.65599999999996,79.9098333333334,78.68403999999994
721,2020-03-23,63.05,64.18,62.11,62.8,1714944.0,71.89499999999995,79.7058333333334,78.64839999999994
722,2020-03-24,63.99,64.81,62.34,64.11,1638045.0,70.11099999999996,79.51433333333338,78.62475999999994
723,2020-03-25,66.8,67.87,65.17,67.55,2285431.0,68.75799999999995,79.32950000000005,78.60871999999993
724,2020-03-26,66.59,68.95,65.88,67.74,1800430.0,67.78799999999994,79.15383333333338,78.57991999999994
725,2020-03-27,67.99,71.55,67.99,69.43,1720285.0,67.18999999999996,78.99966666666673,78.55167999999993
726,2020-03-30,68.31,68.31,64.92,66.03,2159550.0,66.58099999999995,78.74666666666671,78.51487999999993
727,2020-03-31,66.71,67.07,65.78,67.0,1393875.0,66.24699999999994,78.51000000000005,78.47895999999993
728,2020-04-01,66.97,69.99,66.03,69.43,1497748.0,66.43799999999995,78.29866666666673,78.45295999999993
729,2020-04-02,68.53,70.13,67.43,70.13,974048.0,66.95899999999995,78.08600000000006,78.41119999999994
730,2020-04-03,69.85,70.28,68.05,68.7,1150512.0,67.29199999999994,77.8533333333334,78.35123999999995
731,2020-04-07,70.4,72.08,69.5,71.27,1316810.0,68.13899999999995,77.66516666666672,78.30255999999996
732,2020-04-08,71.04,71.76,70.26,71.23,579507.0,68.85099999999996,77.50633333333339,78.26267999999995
733,2020-04-09,72.19,72.93,71.05,72.54,635766.0,69.34999999999995,77.33866666666671,78.21111999999995
734,2020-04-10,72.12,72.26,69.5,70.31,858387.0,69.60699999999994,77.13616666666671,78.13715999999997
735,2020-04-13,69.78,72.83,69.2,72.74,904417.0,69.93799999999995,76.94350000000004,78.07775999999997
736,2020-04-14,73.05,74.24,72.34,73.89,1321083.0,70.72399999999995,76.76700000000005,78.02427999999998
737,2020-04-15,74.19,74.19,72.31,72.33,907407.0,71.25699999999995,76.59366666666672,77.96235999999998
738,2020-04-16,72.27,74.21,71.2,73.6,906706.0,71.67399999999995,76.4778333333334,77.91607999999998
739,2020-04-17,74.62,76.4,73.83,74.94,1491106.0,72.15499999999996,76.38533333333339,77.87799999999997
740,2020-04-20,75.35,78.49,74.89,77.64,1194874.0,73.04899999999995,76.2913333333334,77.83835999999997
741,2020-04-21,77.32,77.56,75.73,76.31,1051939.0,73.55299999999995,76.13450000000007,77.79971999999997
742,2020-04-22,75.48,76.3,74.97,75.79,747243.0,74.00899999999994,75.9293333333334,77.76987999999997
743,2020-04-23,76.25,78.22,75.8,76.71,945510.0,74.42599999999996,75.76616666666673,77.73447999999996
744,2020-04-24,76.06,77.45,75.57,76.44,812744.0,75.03899999999996,75.62616666666672,77.70115999999996
745,2020-04-27,76.36,77.36,75.87,76.12,846487.0,75.37699999999997,75.56066666666672,77.66419999999995
746,2020-04-28,76.24,77.92,75.24,76.47,1859291.0,75.63499999999996,75.61433333333339,77.62171999999995
747,2020-04-29,75.18,76.35,73.36,74.75,1781891.0,75.87699999999997,75.59400000000005,77.58011999999995
748,2020-04-30,74.75,75.94,73.97,75.35,1496005.0,76.05199999999996,75.57466666666672,77.55343999999994
749,2020-05-06,76.08,76.9,74.19,76.11,1318599.0,76.16899999999995,75.53950000000005,77.52507999999995
750,2020-05-07,76.58,76.71,74.3,74.46,1387709.0,75.85099999999997,75.49350000000004,77.49047999999993
751,2020-05-08,74.74,78.63,74.25,78.13,2085091.0,76.03299999999997,75.53233333333337,77.47523999999994
752,2020-05-11,79.34,83.24,79.07,80.97,2420258.0,76.55099999999997,75.59483333333337,77.47367999999994
753,2020-05-12,82.18,82.18,79.63,80.98,1422016.0,76.97799999999998,75.60033333333337,77.47011999999995
754,2020-05-13,80.38,81.77,79.34,79.85,1244695.0,77.31899999999999,75.61116666666672,77.45163999999994
755,2020-05-14,79.33,79.78,77.71,78.25,944018.0,77.53199999999998,75.55800000000005,77.43971999999994
756,2020-05-15,77.99,78.86,76.91,77.08,673666.0,77.59299999999999,75.48783333333338,77.42715999999994
757,2020-05-18,77.85,78.49,76.67,77.7,796133.0,77.88799999999999,75.40716666666671,77.43063999999994
758,2020-05-19,78.06,79.16,77.4,78.92,1286224.0,78.24499999999998,75.28816666666671,77.45103999999994
759,2020-05-20,79.34,79.6,76.51,77.61,940002.0,78.39499999999998,75.16250000000005,77.45199999999994
760,2020-05-21,78.22,79.66,77.22,77.49,1061216.0,78.69799999999998,75.06083333333338,77.45375999999995
761,2020-05-22,77.91,79.7,76.61,78.88,1876304.0,78.77299999999998,75.0266666666667,77.46279999999996
762,2020-05-25,78.9,80.75,76.91,80.72,1871296.0,78.74799999999998,75.03300000000004,77.47675999999997
763,2020-05-26,80.68,82.89,79.36,82.47,2166513.0,78.89699999999998,75.0891666666667,77.49027999999997
764,2020-05-27,82.74,86.78,82.6,86.42,4237629.0,79.55399999999997,75.18366666666671,77.52787999999997
765,2020-05-28,85.01,86.99,83.03,83.74,1675085.0,80.10299999999998,75.2786666666667,77.55547999999996
766,2020-05-29,83.59,85.76,82.48,85.76,1193240.0,80.97099999999998,75.34983333333338,77.58487999999996
767,2020-06-01,85.01,87.7,84.83,86.51,1556541.0,81.85199999999996,75.41016666666671,77.61851999999996
768,2020-06-02,87.12,87.12,82.22,82.31,1968450.0,82.19099999999997,75.36283333333338,77.64551999999996
769,2020-06-03,82.39,83.03,80.04,81.2,2106940.0,82.54999999999998,75.28966666666672,77.65735999999995
770,2020-06-04,81.61,82.71,80.27,81.11,767838.0,82.91199999999998,75.24300000000004,77.66915999999996
771,2020-06-05,81.11,81.8,79.29,80.12,1271637.0,83.03599999999997,75.23816666666671,77.67403999999995
772,2020-06-08,80.76,81.8,79.74,79.95,1495321.0,82.95899999999997,75.20483333333338,77.68027999999995
773,2020-06-09,79.96,81.04,78.73,80.34,1035778.0,82.74599999999998,75.19250000000005,77.68535999999996
774,2020-06-10,79.87,80.95,79.75,80.66,820389.0,82.16999999999999,75.24616666666672,77.68683999999995
775,2020-06-11,81.01,82.09,79.27,79.87,1275601.0,81.78299999999999,75.32050000000005,77.67511999999995
776,2020-06-12,79.1,80.73,77.22,79.95,1883457.0,81.20199999999998,75.45100000000005,77.66219999999996
777,2020-06-15,78.81,79.87,77.57,78.03,1716770.0,80.35399999999998,75.57916666666671,77.64639999999996
778,2020-06-16,78.49,81.47,78.42,81.47,1335058.0,80.26999999999998,75.81166666666671,77.64879999999997
779,2020-06-17,81.47,82.37,80.53,82.25,894848.0,80.37499999999997,76.10050000000004,77.66051999999996
780,2020-06-18,82.28,82.46,79.96,80.16,1154554.0,80.27999999999997,76.34700000000004,77.65831999999996
781,2020-06-19,80.54,83.95,80.03,82.89,1477079.0,80.55699999999997,76.68183333333337,77.67323999999996
782,2020-06-22,82.94,83.79,81.43,81.89,913753.0,80.75099999999996,76.97816666666672,77.68547999999996
783,2020-06-23,81.46,81.84,80.68,80.94,975341.0,80.81099999999995,77.20133333333338,77.69751999999994
784,2020-06-24,80.97,83.97,80.95,82.61,1071536.0,81.00599999999996,77.44916666666671,77.73071999999995
785,2020-06-29,82.14,82.61,80.77,81.11,1022091.0,81.12999999999997,77.64383333333336,77.76275999999996
786,2020-06-30,81.51,82.52,80.76,82.11,778574.0,81.34599999999996,77.91183333333336,77.78715999999996
787,2020-07-01,82.12,86.07,81.56,85.71,1563805.0,82.11399999999996,78.2236666666667,77.82303999999995
788,2020-07-02,85.26,86.21,83.65,84.44,1681102.0,82.41099999999997,78.47383333333336,77.85839999999995
789,2020-07-03,85.1,86.91,84.3,84.51,1649469.0,82.63699999999997,78.71350000000002,77.89619999999994
790,2020-07-06,85.37,88.33,84.68,87.77,1915731.0,83.39799999999997,79.03133333333336,77.94943999999994
791,2020-07-07,87.16,89.79,87.16,87.84,1973852.0,83.89299999999997,79.30750000000003,78.00615999999995
792,2020-07-08,87.28,87.73,84.66,85.08,3226004.0,84.21199999999997,79.53833333333337,78.04635999999995
793,2020-07-09,85.02,87.21,85.01,86.26,2001836.0,84.74399999999999,79.76700000000004,78.08643999999994
794,2020-07-10,86.26,87.53,85.14,85.29,1616654.0,85.01199999999997,80.0166666666667,78.11611999999995
795,2020-07-13,85.29,89.73,85.09,89.42,1752879.0,85.84299999999998,80.2946666666667,78.15419999999993
796,2020-07-14,89.68,89.68,84.38,86.36,2425061.0,86.26799999999997,80.50250000000003,78.18935999999994
797,2020-07-15,87.34,91.03,87.14,89.62,2347147.0,86.65899999999996,80.7906666666667,78.23043999999994
798,2020-07-16,89.69,93.5,85.1,85.54,2719764.0,86.76899999999996,80.98966666666668,78.25651999999995
799,2020-07-17,86.09,90.66,85.73,89.93,1944978.0,87.31099999999996,81.23950000000004,78.30471999999995
800,2020-07-20,89.93,96.36,89.34,94.09,3120702.0,87.94299999999997,81.5136666666667,78.36643999999994
801,2020-07-21,95.61,95.7,92.4,92.75,2482321.0,88.43399999999997,81.78766666666668,78.42835999999994
802,2020-07-22,91.12,92.6,89.04,90.52,4042661.0,88.97799999999997,82.03316666666669,78.47667999999994
803,2020-07-23,90.52,91.37,87.21,90.01,4401215.0,89.35299999999997,82.25483333333337,78.52983999999994
804,2020-07-24,89.89,90.66,86.0,87.09,3649207.0,89.53299999999997,82.43233333333337,78.56083999999994
805,2020-07-27,87.29,88.47,84.5,85.9,2978429.0,89.18099999999997,82.59533333333337,78.59823999999995
806,2020-07-28,85.9,88.88,85.89,88.61,1922711.0,89.40599999999998,82.79766666666669,78.65175999999995
807,2020-07-29,88.6,91.9,87.98,90.71,2037492.0,89.51499999999997,83.06366666666669,78.71335999999994
808,2020-07-30,91.5,92.0,89.0,89.6,1569017.0,89.92099999999998,83.30116666666669,78.77251999999993
809,2020-07-31,88.81,90.98,88.16,89.59,1337816.0,89.88699999999999,83.52583333333337,78.83411999999994
810,2020-08-03,89.93,90.35,88.4,89.22,2334056.0,89.39999999999999,83.77183333333338,78.89207999999995
811,2020-08-04,89.83,93.1,88.6,90.57,3766248.0,89.18199999999999,83.9791666666667,78.95187999999995
812,2020-08-05,91.2,98.88,89.69,98.1,4350889.0,89.94,84.2646666666667,79.04531999999993
813,2020-08-06,98.2,99.5,96.23,97.99,2044516.0,90.738,84.5481666666667,79.14279999999995
814,2020-08-07,97.9,99.5,95.35,96.99,1335378.0,91.728,84.83383333333336,79.23499999999996
815,2020-08-10,98.0,105.0,96.52,102.45,3783195.0,93.38300000000001,85.2371666666667,79.34423999999996
816,2020-08-11,102.8,107.86,100.68,102.5,4285087.0,94.77199999999999,85.66083333333336,79.45959999999997
817,2020-08-12,102.0,104.45,98.5,101.7,2128454.0,95.87099999999998,86.06083333333336,79.58759999999997
818,2020-08-13,101.58,103.98,99.48,102.83,1687298.0,97.19399999999997,86.45933333333336,79.71759999999996
819,2020-08-14,102.6,108.5,102.6,105.91,2693208.0,98.82599999999996,86.93100000000003,79.86395999999996
820,2020-08-17,107.0,109.99,105.51,106.12,2750328.0,100.51599999999996,87.40816666666669,80.01059999999997
821,2020-08-18,105.95,109.93,104.99,107.01,1795291.0,102.15999999999997,87.87700000000002,80.16363999999996
822,2020-08-19,105.01,107.5,104.5,105.6,1219599.0,102.90999999999997,88.2916666666667,80.31115999999994
823,2020-08-20,105.41,107.27,101.11,102.09,2877115.0,103.31999999999996,88.6186666666667,80.44211999999995
824,2020-08-21,101.91,103.6,100.95,102.05,1859288.0,103.82599999999995,88.87916666666669,80.57367999999995
825,2020-08-24,101.55,104.56,101.0,102.0,2135234.0,103.78099999999995,89.18350000000004,80.70383999999996
826,2020-08-25,101.5,103.5,100.88,101.42,1355438.0,103.67299999999996,89.44450000000003,80.81651999999994
827,2020-08-26,101.3,102.68,99.8,99.99,1725026.0,103.50199999999995,89.6691666666667,80.92375999999994
828,2020-08-27,99.9,101.45,99.5,100.13,1073708.0,103.23199999999997,89.96616666666668,81.02475999999996
829,2020-08-28,101.34,102.88,100.13,102.26,1589396.0,102.86699999999996,90.3171666666667,81.11703999999995
830,2020-08-31,104.49,104.99,99.98,101.0,2456427.0,102.35499999999996,90.6486666666667,81.20571999999994
831,2020-09-01,100.78,106.99,100.51,106.81,2600405.0,102.33499999999997,91.09350000000003,81.31955999999995
832,2020-09-02,106.9,108.9,105.84,107.6,2072318.0,102.53499999999997,91.55433333333339,81.43239999999994
833,2020-09-03,107.45,107.89,105.02,106.35,1730378.0,102.96099999999997,91.98783333333338,81.54103999999995
834,2020-09-04,103.88,106.42,103.18,105.62,1534876.0,103.31799999999996,92.40383333333338,81.64963999999995
835,2020-09-07,105.78,107.48,102.87,103.71,2302267.0,103.48899999999996,92.80116666666672,81.74483999999994
836,2020-09-08,104.52,107.13,102.85,106.48,2607135.0,103.99499999999996,93.24333333333338,81.84487999999993
837,2020-09-09,104.7,106.02,101.5,102.9,3310320.0,104.28599999999997,93.65783333333339,81.92323999999994
838,2020-09-10,102.9,110.99,102.9,107.5,3959440.0,105.02299999999995,94.09166666666671,82.01243999999993
839,2020-09-11,108.5,109.95,105.8,108.48,2927164.0,105.64499999999995,94.52883333333337,82.10775999999993
840,2020-09-14,108.55,114.6,106.9,109.66,3907933.0,106.51099999999997,95.02050000000004,82.20803999999993
841,2020-09-15,109.0,110.88,107.3,108.33,1880843.0,106.66299999999997,95.44450000000003,82.30135999999993
842,2020-09-16,107.5,110.66,107.01,109.26,2691016.0,106.82899999999998,95.9006666666667,82.39131999999992
843,2020-09-17,108.85,112.5,108.3,111.16,2007740.0,107.30999999999999,96.40433333333337,82.49931999999993
844,2020-09-18,111.16,116.19,110.61,113.59,2925899.0,108.10699999999997,96.9206666666667,82.61523999999991
845,2020-09-21,115.0,117.48,112.33,115.3,2624936.0,109.26599999999996,97.49050000000005,82.73355999999991
846,2020-09-22,113.83,114.5,111.6,113.31,1755691.0,109.94899999999996,98.01050000000006,82.84355999999991
847,2020-09-23,113.64,115.19,110.0,112.41,2448601.0,110.89999999999995,98.45550000000006,82.95059999999991
848,2020-09-24,112.0,112.0,108.37,109.0,1184541.0,111.04999999999995,98.8648333333334,83.0497999999999
849,2020-09-25,108.24,110.0,103.33,109.65,3022699.0,111.16699999999996,99.28383333333339,83.15255999999991
850,2020-09-28,109.14,110.79,106.95,107.37,1782258.0,110.93799999999995,99.61050000000004,83.2476799999999
851,2020-09-29,108.98,109.49,106.22,106.32,853047.0,110.73699999999994,99.91850000000004,83.33423999999991
852,2020-09-30,106.06,108.7,105.07,107.77,1298454.0,110.58799999999994,100.29666666666671,83.4287199999999
853,2020-10-09,110.0,110.0,105.88,108.45,1403106.0,110.31699999999994,100.66650000000004,83.5313999999999
854,2020-10-12,108.0,111.98,107.38,111.36,2381983.0,110.09399999999994,101.10100000000004,83.6447599999999
855,2020-10-13,111.01,117.98,110.21,116.89,2146866.0,110.25299999999996,101.55883333333337,83.78803999999991
856,2020-10-14,117.49,118.88,116.06,117.38,1458934.0,110.65999999999994,102.07583333333338,83.93679999999992
857,2020-10-15,118.37,120.76,116.3,117.75,2040786.0,111.19399999999993,102.54466666666671,84.0914799999999
858,2020-10-16,117.56,119.79,116.15,118.96,1528264.0,112.18999999999994,103.10166666666672,84.25147999999992
859,2020-10-19,119.0,119.0,115.0,116.07,2114662.0,112.83199999999992,103.53733333333338,84.4063599999999
860,2020-10-20,114.87,117.8,114.87,116.85,1025632.0,113.77999999999993,103.91666666666671,84.56163999999991
861,2020-10-21,118.03,118.87,114.6,118.5,1968539.0,114.99799999999993,104.34583333333337,84.72259999999991
862,2020-10-22,118.5,119.15,115.6,117.25,1217153.0,115.94599999999994,104.79133333333337,84.87615999999991
863,2020-10-23,117.08,117.98,113.67,113.72,743851.0,116.47299999999993,105.18650000000004,85.00315999999992
864,2020-10-26,113.81,113.81,111.3,112.91,1064450.0,116.62799999999996,105.61683333333336,85.13495999999992
865,2020-10-27,114.3,118.0,112.04,117.4,1903914.0,116.67899999999995,106.14183333333337,85.26983999999992
866,2020-10-28,117.87,122.0,116.55,122.0,1903341.0,117.14099999999993,106.69833333333337,85.42811999999992
867,2020-10-29,119.9,127.15,119.0,126.8,2638203.0,118.04599999999994,107.29983333333338,85.60491999999992
868,2020-10-30,129.34,130.25,121.99,122.89,2166070.0,118.43899999999994,107.8546666666667,85.76967999999992
869,2020-11-02,124.75,129.88,123.15,126.44,3168809.0,119.47599999999996,108.46883333333336,85.93931999999992
870,2020-11-03,127.5,129.3,125.68,127.0,2021104.0,120.49099999999996,109.09850000000003,86.11011999999992
871,2020-11-04,126.44,130.68,126.44,129.33,1279984.0,121.57399999999996,109.74450000000003,86.29635999999992
872,2020-11-05,129.33,131.0,127.0,130.06,2363163.0,122.85499999999995,110.2771666666667,86.48567999999993
873,2020-11-06,129.25,132.48,128.21,132.37,1484587.0,124.71999999999996,110.8501666666667,86.68195999999993
874,2020-11-09,132.4,134.0,127.38,131.61,2580448.0,126.58999999999995,111.4271666666667,86.88015999999993
875,2020-11-10,130.0,134.5,128.51,134.22,1563244.0,128.27199999999993,111.9566666666667,87.10247999999994
876,2020-11-11,133.32,135.45,130.5,131.2,1341891.0,129.19199999999995,112.43500000000003,87.31443999999995
877,2020-11-12,131.3,133.69,130.7,132.01,1286782.0,129.71299999999994,112.94016666666671,87.53727999999994
878,2020-11-13,132.53,135.38,131.3,132.4,1907202.0,130.66399999999993,113.43300000000004,87.75003999999996
879,2020-11-16,132.14,134.45,128.0,128.77,1898902.0,130.89699999999993,113.81400000000005,87.94239999999995
880,2020-11-17,128.39,132.2,126.8,128.79,3188374.0,131.07599999999994,114.19183333333338,88.13467999999995
881,2020-11-18,130.86,130.86,124.0,126.5,1933959.0,130.79299999999995,114.51666666666671,88.32175999999995
882,2020-11-19,127.73,132.65,124.3,132.02,2127569.0,130.98899999999995,114.95700000000005,88.53103999999995
883,2020-11-20,131.8,134.67,130.58,134.03,1474008.0,131.15499999999992,115.48933333333338,88.75739999999995
884,2020-11-23,134.46,138.04,133.06,137.69,2452801.0,131.76299999999992,116.08333333333336,88.99991999999995
885,2020-11-24,137.69,139.0,135.59,137.97,1600440.0,132.13799999999992,116.68283333333336,89.24339999999995
886,2020-11-25,138.99,139.0,131.0,132.3,2422043.0,132.2479999999999,117.19750000000003,89.47307999999994
887,2020-11-26,132.31,133.8,129.31,131.26,1744111.0,132.17299999999992,117.7186666666667,89.70339999999993
888,2020-11-27,131.0,131.98,128.99,130.47,1117843.0,131.9799999999999,118.22433333333338,89.93303999999993
889,2020-11-30,130.47,131.02,125.1,127.58,2290618.0,131.8609999999999,118.64633333333337,90.14755999999994
890,2020-12-01,128.5,131.0,128.0,130.48,1605108.0,132.02999999999992,119.1376666666667,90.37987999999993
891,2020-12-02,130.48,131.59,128.2,130.48,1274055.0,132.4279999999999,119.53216666666668,90.61615999999994
892,2020-12-03,130.11,131.45,129.18,130.04,829475.0,132.2299999999999,119.90616666666668,90.85327999999994
893,2020-12-04,130.3,133.55,129.49,133.55,994699.0,132.1819999999999,120.35950000000001,91.10463999999995
